cycle,t_s,dt_ms,left_wall,right_wall,blue_px,blue_state,orange_px,orange_state,direction,quadrant,traffic_light,target_x,target_y,target_area,target_type,parking_area,purple_left,purple_right,Err,dir_raw,dir_cmd
1,0.037,0.0,0.0767,0.0437,0,0,0,0,0,0,-1,160,0,75,-1,12224,11440.0,689.0,0,0.0,0.0
2,0.089,52.21,0.1204,0.0995,0,0,0,0,0,0,-1,160,0,75,-1,11947,11222.0,698.0,0,0.0,0.0
3,0.136,47.09,0.117,0.1024,0,0,0,0,0,0,-1,160,0,75,-1,11855,11161.0,694.0,0,0.0,0.0
4,0.185,49.23,0.1316,0.1001,0,0,0,0,0,0,-1,160,0,75,-1,11944,10899.0,1130.0,0,0.0,0.0
5,0.234,48.97,0.1339,0.1018,0,0,0,0,0,0,-1,160,0,75,-1,12143,10972.0,1211.0,0,0.0,0.0
6,0.278,43.26,0.1355,0.1042,0,0,0,0,0,0,-1,160,0,75,-1,12162,10913.0,1209.0,0,0.0,0.0
7,0.324,46.48,0.1377,0.1073,0,0,0,0,0,0,-1,160,0,75,-1,12111,10953.0,1233.0,0,0.0,0.0
8,0.366,42.07,0.1326,0.103,0,0,0,0,0,0,-1,160,0,75,-1,12041,10873.0,1222.0,0,0.0,0.0
9,1.967,1600.5,0.3759,0.0994,0,0,0,0,1,0,-1,160,0,75,-1,1000,0.0,27.0,0,11.28,3.95
10,2.009,41.97,0.4232,0.107,0,0,0,0,1,0,-1,160,0,75,-1,1000,0.0,73.0,0,12.7,7.01
11,2.051,42.82,0.4445,0.1008,0,0,0,0,1,0,-1,160,0,75,-1,1000,0.0,74.0,0,13.33,9.22
12,2.093,41.5,0.4665,0.1067,0,0,0,0,1,0,-1,160,0,75,-1,1000,0.0,32.0,0,13.99,10.89
13,2.137,44.02,0.4563,0.1055,0,0,0,0,1,0,-1,160,0,75,-1,1000,0.0,67.0,0,13.69,11.87
14,2.185,48.0,0.4675,0.1054,0,0,0,0,1,0,-1,160,0,75,-1,1000,0.0,53.0,0,14.03,12.63
15,2.228,43.59,0.4696,0.1082,0,0,0,0,1,0,-1,160,0,75,-1,1000,0.0,64.0,0,14.09,13.14
16,2.277,48.34,0.4695,0.1088,0,0,0,0,1,0,-1,160,0,75,-1,1000,0.0,82.0,0,14.09,13.47
17,2.322,45.18,0.4527,0.1118,0,0,0,0,1,0,-1,160,0,75,-1,1000,0.0,68.0,0,13.58,13.51
18,2.373,50.57,0.4527,0.1104,0,0,0,0,1,0,-1,160,0,75,-1,1000,0.0,67.0,0,13.58,13.53
19,2.419,46.67,0.4348,0.1121,0,0,0,0,1,0,-1,160,0,75,-1,1000,0.0,78.0,0,13.05,13.36
20,2.472,52.86,0.4109,0.1093,0,0,0,0,1,0,-1,160,0,75,-1,1000,0.0,52.0,0,12.33,13.0
21,2.514,41.87,0.3895,0.1168,0,0,0,0,1,0,-1,160,0,75,-1,1000,0.0,66.0,0,11.68,12.54
22,2.56,45.65,0.3662,0.1167,0,0,0,0,1,0,-1,160,0,75,-1,1000,0.0,112.0,0,10.99,12.0
23,2.605,45.1,0.345,0.1166,0,0,0,0,1,0,-1,160,0,75,-1,1000,0.0,77.0,0,10.35,11.42
24,2.65,45.55,0.3174,0.107,0,0,0,0,1,0,-1,160,0,75,-1,1000,0.0,101.0,0,9.52,10.76
25,2.7,49.25,0.3087,0.1085,0,0,0,0,1,0,-1,160,0,75,-1,1000,0.0,87.0,0,9.26,10.23
26,2.745,45.73,0.28,0.0983,0,0,0,0,1,0,-1,160,0,75,-1,1000,0.0,107.0,0,0.0,6.65
27,2.789,44.06,0.2744,0.0948,0,0,0,0,1,0,-1,160,0,75,-1,1000,0.0,52.0,0,0.0,4.32
28,2.839,49.84,0.2595,0.1001,0,0,0,0,1,0,-1,160,0,75,-1,1000,0.0,90.0,0,0.0,2.81
29,2.883,43.49,0.2394,0.1023,0,0,0,0,1,0,-1,160,0,75,-1,1000,0.0,102.0,0,0.0,1.83
30,2.927,44.85,0.2245,0.1068,0,0,0,0,1,0,-1,160,0,75,-1,1000,0.0,92.0,0,0.0,1.19
31,2.977,49.22,0.2033,0.107,0,0,0,0,1,0,-1,160,0,75,-1,1000,0.0,128.0,0,0.0,0.77
32,3.021,44.42,0.1957,0.1057,0,0,0,0,1,0,0,212,19,957,0,1000,0.0,70.0,242,12.1,4.74
33,3.072,50.7,0.1876,0.105,0,0,0,0,1,0,0,206,20,1008,0,1000,0.0,64.0,236,11.8,7.21
34,3.112,40.51,0.1771,0.0924,0,0,0,0,1,0,0,202,20,1159,0,1000,0.0,54.0,232,11.6,8.75
35,3.16,47.65,0.1635,0.1039,0,0,0,0,1,0,0,197,20,1181,0,1000,0.0,112.0,227,11.35,9.66
36,3.21,49.59,0.163,0.1099,0,0,0,0,1,0,0,189,22,1375,0,1000,0.0,66.0,219,10.95,10.11
37,3.253,43.38,0.1551,0.1019,0,0,0,0,1,0,0,180,23,1548,0,1000,0.0,79.0,210,10.5,10.25
38,3.301,47.64,0.1533,0.1035,0,0,0,0,1,0,0,175,24,1636,0,1000,5.0,121.0,205,10.25,10.25
39,3.349,48.0,0.1427,0.1097,0,0,2263,1,1,0,0,167,25,1884,0,1000,8.0,95.0,197,9.85,10.11
40,3.399,50.09,0.1375,0.1093,0,0,2613,1,1,0,0,158,27,2210,0,1000,60.0,66.0,188,9.4,9.86
41,3.445,45.83,0.1278,0.0914,0,0,2925,1,1,0,0,147,29,2490,0,1000,114.0,82.0,177,8.85,9.51
42,3.496,51.55,0.1285,0.1041,0,0,3473,1,1,0,0,136,31,2892,0,1000,213.0,22.0,166,8.3,9.08
43,3.541,44.56,0.1271,0.106,0,0,4073,1,1,0,0,124,35,3348,0,1000,234.0,12.0,154,7.7,8.6
44,3.59,48.88,0.14,0.1115,0,0,4654,1,1,0,0,107,41,3525,0,1000,359.0,0.0,137,6.85,7.99
45,3.634,44.88,0.1386,0.1184,0,0,5026,1,1,0,0,160,0,75,-1,1000,358.0,0.0,0,0.0,5.19
46,3.685,50.67,0.1628,0.1286,0,0,5407,1,1,0,0,160,0,75,-1,1000,650.0,0.0,0,0.0,3.37
47,3.73,44.74,0.1565,0.1433,0,0,6344,1,1,0,0,160,0,75,-1,1000,578.0,0.0,0,0.0,2.19
48,3.78,50.15,0.1538,0.1598,0,0,378,2,1,1,0,33,68,5548,0,1000,615.0,0.0,63,3.15,2.53
49,3.826,46.01,0.1578,0.1796,0,0,3841,1,1,1,0,160,0,75,-1,1000,585.0,0.0,0,0.0,1.64
50,3.876,50.1,0.1249,0.2091,0,0,1992,1,1,1,0,160,0,75,-1,1000,255.0,0.0,0,0.0,1.07
51,3.93,53.53,0.1056,0.2477,0,0,717,0,1,1,0,160,0,75,-1,1000,61.0,0.0,0,0.0,0.69
52,3.976,46.23,0.0971,0.2963,0,0,744,0,1,1,0,160,0,75,-1,1000,24.0,0.0,0,0.0,0.45
53,4.022,45.82,0.0841,0.3399,0,0,790,0,1,1,0,160,0,75,-1,1000,22.0,0.0,0,-13.6,-4.47
54,4.063,41.45,0.086,0.4102,0,0,812,0,1,1,0,160,0,75,-1,1000,26.0,0.0,0,-16.41,-8.64
55,4.117,54.32,0.1143,0.4517,0,0,812,0,1,1,0,160,0,75,-1,1000,54.0,0.0,0,-18.07,-11.94
56,4.163,45.27,0.1447,0.4963,0,0,871,1,1,1,0,160,0,75,-1,1000,47.0,0.0,0,-19.85,-14.71
57,4.218,55.74,0.1465,0.538,0,0,942,1,1,1,0,32,20,403,0,1000,35.0,0.0,62,-21.52,-17.1
58,4.265,46.74,0.1595,0.573,0,0,1045,1,1,1,0,29,22,427,0,1000,41.0,0.0,59,-22.92,-19.13
59,4.321,56.08,0.1497,0.6454,310,0,1245,1,1,1,0,29,22,464,0,1000,39.0,0.0,59,-25.82,-21.47
60,4.363,41.43,0.1313,0.6962,363,0,2062,1,1,1,0,30,23,480,0,1000,40.0,3.0,60,-27.85,-23.7
61,4.417,54.68,0.1089,0.7462,490,0,1822,1,1,1,0,33,23,482,0,1000,47.0,0.0,63,-29.85,-25.85
62,4.463,45.4,0.1145,0.7238,648,0,2209,1,1,1,0,39,23,542,0,1000,47.0,0.0,69,-28.95,-26.94
63,4.522,58.94,0.1285,0.6782,838,1,1720,1,1,1,0,49,22,536,0,1000,72.0,0.0,79,-27.13,-27.01
64,4.585,63.54,0.1384,0.611,1155,1,0,0,1,1,0,59,22,607,0,1000,61.0,5.0,89,-24.44,-26.11
65,4.632,46.95,0.1414,0.4098,1890,1,0,0,1,1,0,75,21,710,0,1000,44.0,6.0,105,-16.39,-22.71
66,4.674,41.79,0.1469,0.3357,2298,1,0,0,1,1,0,80,20,733,0,1000,51.0,3.0,110,-13.43,-19.46
67,4.719,45.27,0.1569,0.205,2251,1,0,0,1,1,0,90,21,812,0,1000,34.0,17.0,120,6.0,-10.55
68,4.768,48.64,0.1629,0.1352,1715,1,0,0,1,1,0,98,22,869,0,1000,61.0,36.0,128,6.4,-4.62
69,4.811,42.83,0.1622,0.1138,1447,1,0,0,1,1,0,109,22,961,0,1000,44.0,35.0,139,6.95,-0.57
70,4.853,42.24,0.1619,0.1159,1126,1,0,0,1,1,0,113,22,1046,0,1000,53.0,0.0,143,7.15,2.13
71,4.9,47.35,0.1634,0.1148,1087,1,0,0,1,1,0,117,22,1106,0,1000,48.0,0.0,147,7.35,3.96
72,4.943,42.32,0.1611,0.1151,0,2,0,0,1,1,0,116,23,1215,0,1000,42.0,0.0,146,7.3,5.13
73,4.985,42.74,0.1596,0.1217,0,0,0,0,1,1,0,111,24,1308,0,1000,59.0,1.0,141,7.05,5.8
74,5.031,45.9,0.1588,0.1181,0,0,0,0,1,1,0,107,26,1376,0,1000,43.0,0.0,137,6.85,6.17
75,5.076,45.04,0.1561,0.114,0,0,0,0,1,1,0,100,27,1512,0,1000,58.0,0.0,130,6.5,6.28
76,5.128,51.74,0.1532,0.1118,0,0,0,0,1,1,0,92,29,1626,0,1000,63.0,0.0,122,6.1,6.22
77,5.172,44.09,0.1586,0.1088,0,0,0,0,1,1,0,83,31,1764,0,1000,75.0,0.0,113,5.65,6.02
78,5.216,44.0,0.16,0.1027,0,0,0,0,1,1,0,74,34,1920,0,1000,103.0,0.0,104,5.2,5.73
79,5.257,40.83,0.1604,0.1071,0,0,0,0,1,1,0,61,38,2111,0,1000,128.0,24.0,91,4.55,5.32
80,5.311,53.68,0.1569,0.1103,0,0,0,0,1,1,0,50,42,2401,0,1000,131.0,30.0,80,4.0,4.86
81,5.354,43.46,0.1565,0.1077,0,0,0,0,1,1,0,36,47,2635,0,1000,167.0,55.0,66,3.3,4.31
82,5.395,40.67,0.1618,0.1008,0,0,0,0,1,1,0,26,50,2792,0,1000,210.0,64.0,56,2.8,3.78
83,5.44,44.82,0.1765,0.1028,0,0,0,0,1,1,0,17,58,2458,0,1000,122.0,58.0,47,2.35,3.28
84,5.483,43.72,0.1916,0.09,0,0,0,0,1,1,0,11,69,1700,0,1000,84.0,48.0,41,2.05,2.85
85,5.528,44.22,0.2018,0.0832,0,0,0,0,1,1,0,8,90,628,0,1000,61.0,67.0,38,1.9,2.52
86,5.571,43.7,0.1998,0.0933,0,0,0,0,1,1,0,248,10,90,1,1000,16.0,41.0,0,0.0,1.64
87,5.629,58.16,0.2015,0.084,0,0,0,0,1,1,0,246,9,94,1,1000,1.0,32.0,0,0.0,1.06
88,5.672,43.09,0.2021,0.0721,0,0,0,0,1,1,0,242,8,100,1,1000,0.0,38.0,0,0.0,0.69
89,5.72,47.43,0.2126,0.0857,0,0,0,0,1,1,0,239,9,101,1,1000,0.0,53.0,0,0.0,0.45
90,5.763,43.26,0.2137,0.0722,0,0,0,0,1,1,0,237,9,107,1,1000,0.0,49.0,0,0.0,0.29
91,5.813,49.87,0.2187,0.0853,0,0,0,0,1,1,0,234,9,118,1,1000,0.0,49.0,0,0.0,0.19
92,5.859,46.1,0.2223,0.0853,0,0,0,0,1,1,0,231,9,112,1,1000,0.0,49.0,0,0.0,0.12
93,5.909,49.6,0.2289,0.0785,0,0,0,0,1,1,0,228,9,125,1,1000,0.0,38.0,0,0.0,0.08
94,5.955,46.74,0.233,0.0843,0,0,0,0,1,1,0,225,9,130,1,1000,0.0,44.0,0,0.0,0.05
95,5.998,42.44,0.2342,0.0763,0,0,0,0,1,1,0,221,9,133,1,1000,0.0,47.0,0,0.0,0.03
96,6.043,45.28,0.2358,0.0645,0,0,0,0,1,1,0,218,8,141,1,1000,0.0,35.0,-502.0,-25.1,-8.76
97,6.084,40.72,0.2484,0.0744,0,0,0,0,1,1,0,216,9,149,1,1000,0.0,67.0,-504.0,-25.2,-14.52
98,6.14,56.16,0.2584,0.0658,0,0,0,0,1,1,0,213,9,156,1,1000,0.0,51.0,-507.0,-25.35,-18.31
99,6.182,42.28,0.2496,0.0597,0,0,0,0,1,1,0,211,9,160,1,1000,0.0,51.0,-509.0,-25.45,-20.81
100,6.232,49.65,0.258,0.0707,0,0,0,0,1,1,0,214,10,171,1,1000,0.0,57.0,-506.0,-25.3,-22.38
101,6.28,47.71,0.2619,0.0672,0,0,0,0,1,1,0,220,10,171,1,1000,0.0,47.0,-500.0,-25.0,-23.3
102,6.322,42.29,0.2711,0.0669,0,0,0,0,1,1,0,230,10,180,1,1000,0.0,67.0,0,0.0,-15.14
103,6.37,47.83,0.2779,0.0757,0,0,0,0,1,1,0,242,12,178,1,1000,0.0,67.0,0,0.0,-9.84
104,6.413,43.24,0.2771,0.0934,0,0,0,0,1,1,0,257,14,174,1,1000,0.0,59.0,0,0.0,-6.4
105,6.46,46.61,0.2812,0.102,0,0,0,0,1,1,0,269,15,182,1,1000,0.0,0.0,0,0.0,-4.16
106,6.504,44.65,0.279,0.1059,0,0,0,0,1,1,0,278,15,206,1,1000,0.0,0.0,0,0.0,-2.7
107,6.549,44.89,0.2929,0.1176,0,0,0,0,1,1,0,281,17,214,1,1000,0.0,0.0,0,0.0,-1.76
108,6.596,46.91,0.2974,0.1255,0,0,0,0,1,1,0,287,18,231,1,1000,0.0,0.0,0,0.0,-1.14
109,6.641,44.69,0.2991,0.1326,0,0,0,0,1,1,0,293,19,242,1,1000,0.0,0.0,0,0.0,-0.74
110,6.683,41.99,0.3101,0.1352,0,0,0,0,1,1,0,296,19,265,1,1000,0.0,0.0,0,9.3,2.77
111,6.727,44.22,0.3172,0.145,0,0,0,0,1,1,0,300,20,279,1,1000,0.0,0.0,0,9.52,5.13
112,6.775,48.2,0.3204,0.146,0,0,0,0,1,1,0,302,22,250,1,1000,0.0,0.0,0,9.61,6.7
113,6.818,42.89,0.3337,0.1465,0,0,0,0,1,1,0,303,22,261,1,1000,0.0,0.0,0,10.01,7.86
114,6.87,51.71,0.3378,0.1411,0,0,0,0,1,1,0,303,22,275,1,1000,0.0,0.0,0,10.13,8.66
115,6.911,41.37,0.3563,0.1417,0,0,0,0,1,1,0,302,23,296,1,1000,0.0,0.0,0,10.69,9.37
116,6.968,56.96,0.3659,0.133,0,0,0,0,1,1,0,301,22,331,1,1000,0.0,0.0,0,10.98,9.93
117,7.008,39.43,0.3681,0.1314,0,0,0,0,1,1,0,300,23,331,1,1000,0.0,0.0,0,11.04,10.32
118,7.054,46.09,0.368,0.1227,0,0,0,0,1,1,0,160,0,75,-1,1000,0.0,0.0,0,11.04,10.57
119,7.096,42.36,0.3702,0.1213,0,0,0,0,1,1,0,297,24,398,1,1000,0.0,0.0,0,11.1,10.76
120,7.14,43.96,0.3677,0.1182,0,0,0,0,1,1,0,295,24,421,1,1000,0.0,0.0,0,11.03,10.85
121,7.184,43.92,0.3568,0.1066,0,0,0,0,1,1,0,293,23,464,1,1000,0.0,0.0,0,10.7,10.8
122,7.227,42.96,0.3565,0.0989,0,0,0,0,1,1,1,291,24,511,1,1000,0.0,0.0,0,10.69,10.76
123,7.271,44.48,0.3695,0.1051,0,0,0,0,1,1,1,289,25,554,1,1000,0.0,0.0,0,11.09,10.88
124,7.314,42.54,0.362,0.1002,0,0,0,0,1,1,1,288,26,587,1,1000,0.0,0.0,0,10.86,10.87
125,7.364,49.82,0.3559,0.1019,0,0,0,0,1,1,1,285,26,633,1,1000,0.0,15.0,0,10.68,10.8
126,7.414,50.64,0.3543,0.0984,0,0,0,0,1,1,1,283,27,743,1,1000,0.0,21.0,0,10.63,10.74
127,7.462,47.65,0.3446,0.0954,0,0,0,0,1,1,1,281,27,816,1,1000,0.0,68.0,0,10.34,10.6
128,7.503,41.4,0.3399,0.0982,0,0,0,0,1,1,1,279,29,923,1,1000,0.0,105.0,0,10.2,10.46
129,7.546,42.26,0.3337,0.098,0,0,0,0,1,1,1,278,29,1029,1,1000,0.0,85.0,0,10.01,10.3
130,7.592,46.41,0.3262,0.0964,0,0,0,0,1,1,1,277,30,1158,1,1000,0.0,43.0,0,9.79,10.12
131,7.639,46.88,0.3142,0.0955,0,0,0,0,1,1,1,275,31,1241,1,1000,0.0,87.0,0,9.43,9.88
132,7.688,48.54,0.2984,0.0879,0,0,0,0,1,1,1,273,32,1417,1,1000,0.0,57.0,0,0.0,6.42
133,7.732,44.95,0.2934,0.0911,0,0,0,0,1,1,1,271,34,1593,1,1000,0.0,45.0,0,0.0,4.17
134,7.785,52.86,0.289,0.0866,0,0,0,0,1,1,1,271,36,1805,1,1000,0.0,30.0,0,0.0,2.71
135,7.829,43.95,0.279,0.1001,0,0,0,0,1,1,1,270,38,2167,1,1000,0.0,23.0,0,0.0,1.76
136,7.876,46.8,0.2751,0.0978,0,0,0,0,1,1,1,269,40,2398,1,1000,0.0,16.0,0,0.0,1.15
137,7.92,44.37,0.2618,0.1046,0,0,0,0,1,1,1,269,42,2814,1,1000,0.0,18.0,0,0.0,0.75
138,7.97,49.73,0.2549,0.1124,0,0,192,0,1,1,1,270,45,3315,1,1000,0.0,34.0,0,0.0,0.48
139,8.015,44.56,0.255,0.1224,0,0,250,0,1,1,1,269,49,3922,1,1000,0.0,11.0,0,0.0,0.31
140,8.063,48.7,0.2384,0.1273,0,0,362,0,1,1,1,270,53,4670,1,1000,0.0,20.0,0,0.0,0.2
141,8.111,47.54,0.2328,0.1367,0,0,382,0,1,1,1,270,57,5527,1,1000,0.0,39.0,0,0.0,0.13
142,8.158,46.51,0.2298,0.1382,0,0,410,0,1,1,1,271,60,5825,1,1000,0.0,27.0,0,0.0,0.09
143,8.204,46.38,0.2267,0.1459,0,0,510,0,1,1,1,271,63,6140,1,1000,0.0,28.0,0,0.0,0.06
144,8.251,46.85,0.2233,0.161,0,0,731,0,1,1,1,276,71,7450,1,1000,1.0,33.0,0,0.0,0.04
145,8.305,53.8,0.2228,0.2099,0,0,780,0,1,1,1,280,73,7029,1,1000,0.0,49.0,0,0.0,0.02
146,8.351,46.54,0.2149,0.3049,0,0,1137,1,1,1,1,285,74,4242,1,1000,0.0,80.0,0,-9.15,-3.19
147,8.396,44.65,0.2058,0.3064,0,0,1176,1,1,1,1,288,73,2928,1,1000,0.0,67.0,0,-9.19,-5.29
148,8.448,51.91,0.2079,0.2485,0,0,1648,1,1,1,1,296,83,1675,1,1000,2.0,93.0,0,0.0,-3.44
149,8.491,43.68,0.2098,0.223,0,0,1646,1,1,1,1,295,80,1618,1,1000,1.0,94.0,0,0.0,-2.23
150,8.537,45.49,0.2084,0.178,0,0,1625,1,1,1,1,298,86,2384,1,1000,1.0,97.0,0,0.0,-1.45
151,8.584,47.21,0.2109,0.1737,0,0,1689,1,1,1,1,298,86,2378,1,1000,0.0,150.0,0,0.0,-0.94
152,8.627,43.02,0.2114,0.1779,0,0,1491,1,1,1,1,298,86,2271,1,1000,0.0,111.0,0,0.0,-0.61
153,8.673,46.09,0.213,0.1782,0,0,1703,1,1,1,1,298,86,2302,1,1000,1.0,67.0,0,0.0,-0.4
154,8.721,47.84,0.2123,0.1762,0,0,1807,1,1,1,1,299,86,2362,1,1000,0.0,80.0,0,0.0,-0.26
155,8.767,45.64,0.2108,0.1692,0,0,1712,1,1,1,1,299,86,2322,1,1000,1.0,92.0,0,0.0,-0.17
156,8.816,49.82,0.2166,0.1748,0,0,1450,1,1,1,1,298,87,2364,1,1000,0.0,124.0,0,0.0,-0.11
157,8.857,40.87,0.208,0.1664,0,0,1871,1,1,1,1,299,86,2368,1,1000,1.0,100.0,0,0.0,-0.07
158,8.903,45.47,0.2097,0.1727,0,0,1807,1,1,1,1,298,87,2320,1,1000,1.0,159.0,0,0.0,-0.05
159,8.952,48.78,0.2105,0.1725,0,0,1704,1,1,1,1,299,86,2396,1,1000,0.0,123.0,0,0.0,-0.03
160,8.992,40.71,0.2122,0.1715,0,0,1968,1,1,1,1,299,86,2366,1,1000,2.0,144.0,0,0.0,-0.02
161,9.041,48.5,0.2125,0.1823,0,0,1937,1,1,1,1,299,87,2409,1,1000,4.0,88.0,0,0.0,-0.01
162,9.088,47.47,0.2124,0.172,0,0,2057,1,1,1,1,299,86,2394,1,1000,0.0,108.0,0,0.0,-0.01
163,9.137,49.15,0.2093,0.1752,0,0,2022,1,1,1,1,298,86,2243,1,1000,0.0,113.0,0,0.0,-0.01
164,9.187,49.61,0.2124,0.1775,0,0,2075,1,1,1,1,299,86,2357,1,1000,2.0,133.0,0,0.0,-0.0
165,9.24,53.1,0.2126,0.1777,0,0,1814,1,1,1,1,298,87,2322,1,1000,2.0,179.0,0,0.0,-0.0
166,9.287,46.63,0.2135,0.1679,0,0,1474,1,1,1,1,299,86,2301,1,1000,3.0,126.0,0,0.0,-0.0
167,9.345,58.5,0.2129,0.1752,0,0,1488,1,1,1,1,298,86,2332,1,1000,4.0,147.0,0,0.0,-0.0
168,9.391,45.3,0.214,0.1741,0,0,1509,1,1,1,1,299,86,2352,1,1000,4.0,118.0,0,0.0,-0.0
169,9.434,43.1,0.2108,0.1809,0,0,1465,1,1,1,1,299,86,2266,1,1000,0.0,122.0,0,0.0,-0.0
170,9.477,43.38,0.2137,0.1649,0,0,2025,1,1,1,1,299,87,2303,1,1000,1.0,116.0,0,0.0,-0.0
171,9.523,46.12,0.2155,0.1738,0,0,1522,1,1,1,1,299,87,2308,1,1000,2.0,85.0,0,0.0,-0.0
172,9.573,49.67,0.2144,0.1814,0,0,1994,1,1,1,1,299,86,2291,1,1000,1.0,115.0,0,0.0,-0.0
173,9.636,63.02,0.2122,0.1713,0,0,1535,1,1,1,1,299,86,2360,1,1000,2.0,149.0,0,0.0,-0.0
174,9.689,53.16,0.2126,0.1714,0,0,1904,1,1,1,1,299,87,2365,1,1000,1.0,133.0,0,0.0,-0.0
175,9.742,53.45,0.2149,0.1867,0,0,1555,1,1,1,1,299,86,2290,1,1000,2.0,139.0,0,0.0,-0.0
176,9.786,44.0,0.2154,0.1672,0,0,1484,1,1,1,1,299,87,2385,1,1000,7.0,126.0,0,0.0,-0.0
177,9.838,51.69,0.2125,0.1904,0,0,1615,1,1,1,1,299,87,2368,1,1000,2.0,96.0,0,0.0,-0.0
178,9.884,45.92,0.2137,0.1802,0,0,1513,1,1,1,1,298,87,2197,1,1000,4.0,103.0,0,0.0,-0.0
179,9.93,45.5,0.2136,0.1825,0,0,1442,1,1,1,1,298,86,2242,1,1000,2.0,135.0,0,0.0,-0.0
180,9.974,44.44,0.2164,0.1827,0,0,2039,1,1,1,1,299,87,2293,1,1000,5.0,113.0,0,0.0,-0.0
181,10.022,48.25,0.2163,0.1655,0,0,1628,1,1,1,1,299,87,2319,1,1000,6.0,165.0,0,0.0,-0.0
182,10.071,49.19,0.212,0.1828,0,0,1466,1,1,1,1,298,87,2197,1,1000,5.0,145.0,0,0.0,-0.0
183,10.114,42.27,0.215,0.1855,0,0,1907,1,1,1,1,298,86,2145,1,1000,2.0,99.0,0,0.0,-0.0
184,10.16,46.47,0.2144,0.1874,0,0,1454,1,1,1,1,299,88,2285,1,1000,4.0,133.0,0,0.0,-0.0
185,10.21,49.51,0.2125,0.1884,0,0,1767,1,1,1,1,299,86,2305,1,1000,3.0,143.0,0,0.0,-0.0
186,10.256,46.19,0.2148,0.1799,0,0,1437,1,1,1,1,297,86,2093,1,1000,6.0,109.0,0,0.0,-0.0
187,10.302,46.51,0.2164,0.1939,0,0,1437,1,1,1,1,299,87,2313,1,1000,2.0,144.0,0,0.0,-0.0
188,10.349,46.25,0.2119,0.1942,0,0,1440,1,1,1,1,299,86,2247,1,1000,2.0,132.0,0,0.0,-0.0
189,10.395,46.06,0.216,0.1971,0,0,1468,1,1,1,1,298,87,2108,1,1000,5.0,114.0,0,0.0,-0.0
190,10.445,50.07,0.2143,0.2148,0,0,1468,1,1,1,1,298,86,2039,1,1000,0.0,173.0,0,0.0,-0.0
191,10.489,44.31,0.2117,0.1958,0,0,1477,1,1,1,1,297,86,1958,1,1000,1.0,143.0,0,0.0,-0.0
192,10.539,49.73,0.2128,0.2016,0,0,1447,1,1,1,1,297,88,2090,1,1000,7.0,116.0,0,0.0,-0.0
193,10.58,41.07,0.2164,0.1977,0,0,1445,1,1,1,1,297,88,2001,1,1000,5.0,116.0,0,0.0,-0.0
194,10.63,50.47,0.2158,0.2023,0,0,1473,1,1,1,1,298,87,2139,1,1000,3.0,103.0,0,0.0,-0.0
195,10.675,44.78,0.2178,0.2114,0,0,1461,1,1,1,1,298,87,2117,1,1000,2.0,151.0,0,0.0,-0.0
196,10.723,47.49,0.216,0.2073,0,0,1417,1,1,1,1,298,87,2152,1,1000,4.0,105.0,0,0.0,-0.0
197,10.77,47.19,0.2152,0.2142,0,0,1420,1,1,1,1,298,87,2155,1,1000,3.0,152.0,0,0.0,-0.0
198,10.815,45.08,0.2159,0.2245,0,0,1449,1,1,1,1,298,86,2067,1,1000,2.0,85.0,0,0.0,-0.0
199,10.859,43.88,0.2166,0.2252,0,0,1574,1,1,1,1,296,86,1951,1,1000,7.0,106.0,0,0.0,-0.0
200,10.904,45.36,0.2137,0.2274,0,0,1440,1,1,1,1,296,86,1761,1,1000,3.0,116.0,0,0.0,-0.0
201,10.953,48.39,0.2179,0.2318,0,0,1439,1,1,1,1,296,87,1936,1,1000,3.0,75.0,0,0.0,-0.0
202,10.997,43.99,0.2185,0.232,0,0,1433,1,1,1,1,297,87,1855,1,1000,2.0,105.0,0,0.0,-0.0
203,11.044,47.88,0.2153,0.2439,0,0,1434,1,1,1,1,295,87,1700,1,1000,4.0,139.0,0,0.0,-0.0
204,11.091,46.61,0.2171,0.2425,0,0,1399,1,1,1,1,296,86,1837,1,1000,4.0,89.0,0,0.0,-0.0
205,11.135,43.71,0.2126,0.2555,0,0,1405,1,1,1,1,293,93,1482,1,1000,3.0,151.0,0,0.0,-0.0
206,11.182,46.9,0.2134,0.2503,0,0,1422,1,1,1,1,296,87,1778,1,1000,0.0,92.0,0,0.0,-0.0
207,11.227,45.52,0.2125,0.2448,0,0,1462,1,1,1,1,295,88,1702,1,1000,6.0,144.0,0,0.0,-0.0
208,11.273,45.93,0.209,0.2433,0,0,1645,1,1,1,1,297,89,1842,1,1000,7.0,140.0,0,0.0,-0.0
209,11.317,44.35,0.216,0.2469,0,0,1479,1,1,1,1,292,95,1330,1,1000,5.0,103.0,0,0.0,-0.0
210,11.371,53.76,0.218,0.2385,0,0,1477,1,1,1,1,296,89,1505,1,1000,5.0,114.0,0,0.0,-0.0
211,11.418,46.9,0.206,0.2429,0,0,1759,1,1,1,1,298,96,1206,1,1000,3.0,120.0,0,0.0,-0.0
212,11.472,53.74,0.1977,0.1985,0,0,1530,1,1,1,1,304,99,921,1,1000,9.0,140.0,0,0.0,-0.0
213,11.519,47.57,0.1898,0.1881,0,0,1768,1,1,1,1,160,0,75,-1,1000,2.0,117.0,0,0.0,-0.0
214,11.561,41.24,0.2293,0.2006,0,0,1591,1,1,1,1,160,0,75,-1,1000,2.0,105.0,0,0.0,-0.0
215,11.607,46.82,0.3023,0.2168,0,0,1467,1,1,1,1,160,0,75,-1,1000,1.0,121.0,0,9.07,3.17
216,11.658,50.32,0.3559,0.2276,0,0,1367,1,1,1,1,160,0,75,-1,1000,0.0,156.0,0,10.68,5.8
217,11.701,43.7,0.3551,0.2062,0,0,909,1,1,1,1,160,0,75,-1,1000,0.0,0.0,0,10.65,7.5
218,11.751,49.18,0.3236,0.176,0,0,914,1,1,1,1,160,0,75,-1,1000,0.0,1.0,0,9.71,8.27
219,11.796,45.24,0.3255,0.1777,0,0,1240,1,1,1,1,160,0,75,-1,1000,0.0,5.0,0,9.76,8.79
220,11.845,49.23,0.3266,0.1822,0,0,1352,1,1,1,1,160,0,75,-1,1000,0.0,4.0,0,9.8,9.15
221,11.889,44.11,0.3097,0.1815,0,0,1600,1,1,1,1,160,0,75,-1,1000,2.0,0.0,0,9.29,9.2
222,11.932,43.02,0.3023,0.1722,0,0,1845,1,1,1,1,160,0,75,-1,1000,1.0,8.0,0,9.07,9.15
223,11.977,44.57,0.3002,0.1799,0,0,2202,1,1,1,1,160,0,75,-1,1000,0.0,8.0,0,9.01,9.1
224,12.022,44.84,0.3013,0.1882,0,0,2406,1,1,1,1,160,0,75,-1,1000,0.0,2.0,0,9.04,9.08
225,12.068,46.25,0.3056,0.1846,0,0,2938,1,1,1,1,160,0,75,-1,1000,0.0,3.0,0,9.17,9.11
226,12.112,44.52,0.2995,0.1925,0,0,3379,1,1,1,1,160,0,75,-1,1000,5.0,22.0,0,0.0,5.92
227,12.154,41.65,0.2915,0.1935,0,0,3813,1,1,1,1,160,0,75,-1,1000,16.0,50.0,0,0.0,3.85
228,12.203,48.5,0.2877,0.1898,0,0,3366,1,1,1,1,160,0,75,-1,1000,16.0,81.0,0,0.0,2.5
229,12.249,46.03,0.289,0.1986,0,0,2421,1,1,1,1,160,0,75,-1,1000,34.0,52.0,0,0.0,1.63
230,12.297,48.49,0.2884,0.1952,0,0,2283,1,1,1,1,160,0,75,-1,1000,52.0,0.0,0,0.0,1.06
231,12.341,44.07,0.2776,0.1989,0,0,1693,1,1,1,1,160,0,75,-1,1000,19.0,0.0,0,0.0,0.69
232,12.608,266.42,0.2777,0.1952,0,0,0,2,1,2,1,160,0,75,-1,1000,8.0,0.0,0,0.0,0.45
233,12.652,44.91,0.295,0.1553,0,0,0,0,1,2,0,296,26,536,0,1000,0.0,100.0,326,16.3,5.54
234,12.697,44.93,0.2869,0.1393,248,0,0,0,1,2,0,285,24,501,0,1000,0.0,138.0,315,15.75,8.85
235,12.742,44.12,0.3026,0.1345,266,0,0,0,1,2,0,271,23,536,0,1000,0.0,150.0,301,9.08,8.93
236,12.785,43.74,0.2949,0.1278,310,0,0,0,1,2,0,270,21,528,0,1000,0.0,105.0,300,15.0,11.05
237,12.828,42.95,0.2973,0.128,913,1,0,0,1,2,0,268,22,585,0,1000,0.0,97.0,298,14.9,12.4
238,12.876,47.87,0.2941,0.1251,575,2,0,0,1,2,0,264,24,623,0,1000,0.0,152.0,294,14.7,13.21
239,12.916,40.31,0.2895,0.1238,878,1,0,0,1,2,0,261,23,645,0,1000,0.0,187.0,291,14.55,13.68
240,12.963,46.33,0.2955,0.1293,1319,1,0,0,1,2,0,258,23,620,0,1000,0.0,195.0,288,14.4,13.93
241,13.006,43.37,0.2963,0.1262,879,1,0,0,1,2,0,253,23,673,0,1000,0.0,167.0,283,14.15,14.01
242,13.048,41.69,0.2866,0.113,1813,1,0,0,1,2,0,248,23,829,0,1000,0.0,177.0,278,13.9,13.97
243,13.098,50.2,0.2905,0.1168,2011,1,0,0,1,2,0,244,24,831,0,1000,0.0,164.0,274,13.7,13.88
244,13.142,43.84,0.2854,0.1186,1767,1,0,0,1,2,0,236,24,947,0,1000,0.0,163.0,266,13.3,13.67
245,13.187,45.34,0.2911,0.1202,1876,1,0,0,1,2,0,231,24,1044,0,1000,0.0,136.0,261,13.05,13.46
246,13.232,45.24,0.2781,0.1153,896,1,0,0,1,2,0,223,25,1132,0,1000,0.0,163.0,253,12.65,13.17
247,13.278,45.93,0.2694,0.1013,0,0,0,0,1,2,0,216,26,1251,0,1000,0.0,173.0,246,12.3,12.87
248,13.322,43.52,0.2687,0.1075,0,0,0,0,1,2,0,209,26,1300,0,1000,0.0,223.0,239,11.95,12.55
249,13.367,45.3,0.2534,0.0905,0,0,0,0,1,2,0,200,28,1516,0,1000,0.0,196.0,230,11.5,12.18
250,13.419,51.41,0.2534,0.094,0,0,0,0,1,2,0,194,28,1744,0,1000,0.0,206.0,224,11.2,11.84
251,13.469,50.9,0.2353,0.0808,0,0,0,0,1,2,0,180,30,2083,0,1000,0.0,220.0,210,10.5,11.37
252,13.517,47.38,0.2252,0.079,0,0,0,0,1,2,0,170,32,2389,0,1000,43.0,227.0,200,10.0,10.89
253,13.567,49.68,0.2084,0.0452,0,0,0,0,1,2,0,160,33,2738,0,1000,191.0,135.0,190,9.5,10.4
254,13.608,41.9,0.2074,0.0585,0,0,0,0,1,2,0,147,36,3192,0,1000,225.0,103.0,177,8.85,9.86
255,13.661,52.48,0.2072,0.0448,0,0,0,0,1,2,0,135,39,3752,0,1000,365.0,60.0,165,8.25,9.3
256,13.709,48.33,0.2054,0.0527,0,0,0,0,1,2,0,120,44,4431,0,1000,507.0,6.0,150,7.5,8.67
257,13.761,52.2,0.1961,0.0491,0,0,0,0,1,2,0,103,48,5252,0,1000,643.0,2.0,133,6.65,7.96
258,13.818,56.54,0.1949,0.0541,0,0,0,0,1,2,0,85,54,6148,0,1000,811.0,0.0,115,5.75,7.19
259,13.872,54.17,0.1971,0.055,0,0,7033,1,1,2,0,65,60,6883,0,1000,935.0,5.0,95,4.75,6.33
260,13.917,45.27,0.1802,0.0659,0,0,0,2,1,3,0,40,69,6721,0,1000,918.0,4.0,70,3.5,5.34
261,13.966,48.17,0.1737,0.0852,0,0,0,0,1,3,0,28,76,5015,0,1000,769.0,3.0,58,2.9,4.49
262,14.013,47.73,0.1725,0.086,0,0,0,0,1,3,0,15,86,2237,0,1000,578.0,2.0,45,2.25,3.7
263,14.057,44.07,0.1382,0.1243,0,0,0,0,1,3,0,160,0,75,-1,1000,138.0,1.0,0,0.0,2.41
264,14.103,45.64,0.1183,0.142,0,0,559,0,1,3,0,160,0,75,-1,1000,10.0,1.0,0,0.0,1.57
265,14.151,47.72,0.1165,0.1507,0,0,609,0,1,3,0,160,0,75,-1,1000,2.0,1.0,0,0.0,1.02
266,14.194,43.12,0.1118,0.2061,0,0,669,0,1,3,0,160,0,75,-1,1000,2.0,1.0,0,0.0,0.66
267,14.247,53.04,0.1064,0.2443,0,0,605,0,1,3,0,160,0,75,-1,1000,5.0,0.0,0,0.0,0.43
268,14.292,44.81,0.1037,0.3114,0,0,725,0,1,3,0,55,11,111,1,1000,4.0,0.0,-665.0,-12.46,-4.08
269,14.346,54.05,0.0985,0.3508,0,0,827,0,1,3,0,160,0,75,-1,1000,8.0,1.0,0,-14.03,-7.56
270,14.391,45.44,0.1019,0.4376,0,0,949,1,1,3,0,160,0,75,-1,1000,7.0,0.0,0,-17.5,-11.04
271,14.442,50.57,0.0941,0.4651,0,0,941,1,1,3,0,34,14,122,1,1000,3.0,0.0,-686.0,-18.6,-13.69
272,14.489,47.34,0.0905,0.5252,0,0,1053,1,1,3,0,160,0,75,-1,1000,10.0,1.0,0,-21.01,-16.25
273,14.543,53.97,0.0903,0.522,0,0,1040,1,1,3,0,29,15,127,1,1000,7.0,0.0,-691.0,-20.88,-17.87
274,14.588,45.0,0.092,0.5141,0,0,1102,1,1,3,0,29,15,127,1,1000,10.0,0.0,-691.0,-20.57,-18.81
275,14.639,51.37,0.0968,0.4696,0,0,1188,1,1,3,0,32,15,132,1,1000,5.0,1.0,-688.0,-18.78,-18.8
276,14.686,46.55,0.1008,0.4546,0,0,1189,1,1,3,0,34,15,137,1,1000,6.0,0.0,-686.0,-18.18,-18.59
277,14.748,61.92,0.1029,0.417,0,0,1182,1,1,3,0,226,32,140,1,1000,7.0,3.0,0,-16.68,-17.92
278,14.805,57.4,0.11,0.2739,0,0,1210,1,1,3,0,46,13,146,1,1000,7.0,0.0,-674.0,-33.7,-23.44
279,14.851,45.62,0.1164,0.2046,0,0,1050,1,1,3,0,52,12,153,1,1000,6.0,9.0,-668.0,-33.4,-26.93
280,14.902,51.21,0.1159,0.1577,0,0,999,1,1,3,0,58,12,161,1,1000,6.0,0.0,-662.0,-33.1,-29.09
281,14.954,51.45,0.1223,0.1553,0,0,936,1,1,3,0,68,11,173,1,1000,10.0,1.0,-652.0,-32.6,-30.32
282,15.004,49.97,0.134,0.1354,0,0,863,1,1,3,0,160,0,75,-1,1000,4.0,3.0,0,0.0,-19.71
283,15.052,48.4,0.1359,0.1256,0,0,854,1,1,3,0,160,0,75,-1,1000,2.0,6.0,0,0.0,-12.81
284,15.098,46.02,0.1459,0.1015,0,0,692,0,1,3,0,160,0,75,-1,1000,0.0,25.0,0,0.0,-8.33
285,15.147,49.35,0.1414,0.1169,0,0,654,0,1,3,0,160,0,75,-1,1000,0.0,15.0,0,0.0,-5.41
286,15.194,46.62,0.1451,0.1116,0,0,0,0,1,3,0,160,0,75,-1,1000,0.0,11.0,0,0.0,-3.52
287,15.241,46.65,0.1272,0.1199,0,0,0,0,1,3,0,160,0,75,-1,1000,0.0,9.0,0,0.0,-2.29
288,15.286,45.02,0.1272,0.1649,0,0,0,0,1,3,0,160,0,75,-1,1000,0.0,14.0,0,0.0,-1.49
289,15.333,47.67,0.1289,0.1523,0,0,0,0,1,3,0,160,0,75,-1,1000,0.0,18.0,0,0.0,-0.97
290,15.382,48.72,0.1263,0.1323,0,0,0,0,1,3,0,160,0,75,-1,1000,0.0,15.0,0,0.0,-0.63
291,15.432,49.85,0.1229,0.1461,0,0,0,0,1,3,0,160,0,75,-1,1000,0.0,31.0,0,0.0,-0.41
292,15.478,45.79,0.1199,0.1519,0,0,0,0,1,3,0,126,9,273,1,1000,0.0,27.0,-594.0,-29.7,-10.66
293,15.528,49.91,0.1281,0.1688,0,0,0,0,1,3,0,124,9,293,1,1000,0.0,41.0,-596.0,-29.8,-17.36
294,15.577,49.61,0.1255,0.1517,0,0,0,0,1,3,0,123,10,303,1,1000,1.0,29.0,-597.0,-29.85,-21.73
295,15.624,47.07,0.1234,0.1609,0,0,0,0,1,3,0,160,0,75,-1,1000,0.0,35.0,0,0.0,-14.13
296,15.672,48.04,0.1286,0.1722,0,0,0,0,1,3,0,123,11,344,1,1000,0.0,16.0,-597.0,-29.85,-19.63
297,15.717,44.34,0.1197,0.1953,0,0,0,0,1,3,0,129,11,376,1,1000,0.0,28.0,-591.0,-29.55,-23.1
298,15.769,52.7,0.1048,0.1832,0,0,0,0,1,3,0,160,0,75,-1,1000,0.0,29.0,0,0.0,-15.02
299,15.816,46.53,0.1048,0.1917,0,0,0,0,1,3,0,160,0,75,-1,1000,0.0,37.0,0,0.0,-9.76
300,15.864,47.92,0.0812,0.1383,0,0,0,0,1,3,0,160,0,75,-1,1000,0.0,42.0,0,0.0,-6.34
301,15.91,46.16,0.0727,0.1225,0,0,0,0,1,3,0,160,0,75,-1,1000,0.0,12.0,0,0.0,-4.12
302,15.955,44.78,0.0927,0.1236,0,0,0,0,1,3,0,160,0,75,-1,1000,0.0,42.0,0,0.0,-2.68
303,16.002,47.55,0.0885,0.1084,0,0,0,0,1,3,0,160,0,75,-1,1000,0.0,32.0,0,0.0,-1.74
304,16.052,50.13,0.0838,0.1052,0,0,0,0,1,3,1,188,13,599,1,1000,0.0,39.0,-532.0,-26.6,-10.44
305,16.104,51.9,0.087,0.0974,0,0,0,0,1,3,1,160,0,75,-1,1000,0.0,54.0,0,0.0,-6.79
306,16.152,47.44,0.1008,0.1,0,0,0,0,1,3,1,191,15,677,1,1000,0.0,37.0,-529.0,-26.45,-13.67
307,16.202,49.83,0.0941,0.0974,0,0,0,0,1,3,1,195,15,753,1,1000,0.0,32.0,-525.0,-26.25,-18.07
308,16.249,47.24,0.1055,0.0899,0,0,0,0,1,3,1,160,0,75,-1,1000,0.0,45.0,0,0.0,-11.75
309,16.299,50.16,0.1132,0.0952,0,0,0,0,1,3,1,203,17,895,1,1000,0.0,42.0,-517.0,-25.85,-16.68
310,16.341,41.91,0.1081,0.091,0,0,0,0,1,3,1,211,18,960,1,1000,0.0,83.0,-509.0,-25.45,-19.75
311,16.39,49.46,0.1162,0.0971,0,0,0,0,1,3,1,220,20,1070,1,1000,0.0,32.0,-500.0,-25.0,-21.59
312,16.439,49.12,0.1271,0.1088,0,0,0,0,1,3,1,229,22,1164,1,1000,0.0,0.0,0,0.0,-14.03
313,16.491,51.94,0.1455,0.1173,0,0,0,0,1,3,1,160,0,75,-1,1000,4.0,1.0,0,0.0,-9.12
314,16.537,45.12,0.1495,0.134,0,0,0,0,1,3,1,262,28,1357,1,1000,0.0,0.0,0,0.0,-5.93
315,16.583,46.14,0.1635,0.1475,0,0,0,0,1,3,1,274,31,1408,1,1000,0.0,1.0,0,0.0,-3.85
316,16.627,44.03,0.1897,0.1509,0,0,0,0,1,3,1,286,33,1516,1,1000,1.0,0.0,0,0.0,-2.5
317,16.675,47.88,0.2016,0.1613,0,0,0,0,1,3,1,296,37,1549,1,1000,0.0,0.0,0,0.0,-1.63
318,16.72,45.78,0.2105,0.1527,0,0,0,0,1,3,1,303,40,1491,1,1000,0.0,0.0,0,0.0,-1.06
319,16.766,45.38,0.2268,0.1674,0,0,0,0,1,3,1,308,45,1204,1,1000,1.0,0.0,0,0.0,-0.69
320,16.814,48.39,0.2431,0.1695,0,0,0,0,1,3,1,312,51,744,1,1000,0.0,0.0,0,0.0,-0.45
321,16.855,41.16,0.2537,0.1765,0,0,0,0,1,3,1,314,64,253,1,1000,0.0,1.0,0,0.0,-0.29
322,16.904,48.48,0.276,0.1787,0,0,0,0,1,3,1,316,70,105,1,1000,3.0,0.0,0,0.0,-0.19
323,16.949,45.23,0.2834,0.1757,0,0,0,0,1,3,1,160,0,75,-1,1000,0.0,0.0,0,0.0,-0.12
324,16.998,48.84,0.2948,0.1735,0,0,0,0,1,3,1,160,0,75,-1,1000,0.0,0.0,0,0.0,-0.08
325,17.047,48.76,0.3072,0.1802,0,0,0,0,1,3,1,160,0,75,-1,1000,0.0,3.0,0,9.22,3.17
326,17.094,47.5,0.3291,0.1859,0,0,0,0,1,3,1,160,0,75,-1,1000,0.0,0.0,0,9.87,5.52
327,17.143,49.26,0.3479,0.193,0,0,0,0,1,3,1,160,0,75,-1,1000,0.0,0.0,0,10.44,7.24
328,17.188,44.2,0.3552,0.1912,0,0,0,0,1,3,1,160,0,75,-1,1000,0.0,1.0,0,10.65,8.43
329,17.236,48.78,0.3698,0.2002,0,0,0,0,1,3,1,160,0,75,-1,1000,0.0,0.0,0,11.1,9.37
330,17.281,44.85,0.3847,0.1989,0,0,0,0,1,3,1,160,0,75,-1,1000,0.0,1.0,0,11.54,10.13
331,17.326,45.15,0.3955,0.1929,0,0,0,0,1,3,1,160,0,75,-1,1000,0.0,5.0,0,11.87,10.74
332,17.369,42.27,0.4008,0.2044,0,0,0,0,1,3,1,160,0,75,-1,1000,2.0,15.0,0,12.02,11.19
333,17.417,48.55,0.3967,0.1873,0,0,0,0,1,3,1,160,0,75,-1,1000,0.0,10.0,0,11.9,11.44
334,17.462,44.53,0.418,0.1908,0,0,0,0,1,3,1,160,0,75,-1,1000,0.0,19.0,0,12.54,11.82
335,17.505,43.2,0.4166,0.1815,0,0,0,0,1,3,1,160,0,75,-1,1000,0.0,25.0,0,12.5,12.06
336,17.548,42.9,0.4205,0.1838,0,0,273,0,1,3,1,160,0,75,-1,1000,0.0,13.0,0,12.61,12.25
337,17.595,47.5,0.4284,0.1827,0,0,313,0,1,3,1,160,0,75,-1,1000,0.0,21.0,0,12.85,12.46
338,17.637,41.89,0.4321,0.1931,0,0,335,0,1,3,1,160,0,75,-1,1000,0.0,33.0,0,12.96,12.64
339,17.68,42.9,0.425,0.189,0,0,417,0,1,3,1,160,0,75,-1,1000,0.0,27.0,0,12.75,12.68
340,17.725,44.54,0.4212,0.1984,0,0,455,0,1,3,1,160,0,75,-1,1000,0.0,61.0,0,12.64,12.66
341,17.767,42.42,0.4109,0.1972,0,0,543,0,1,3,1,160,0,75,-1,1000,0.0,43.0,0,12.33,12.55
342,17.819,51.76,0.3948,0.1945,0,0,635,0,1,3,1,160,0,75,-1,1000,0.0,50.0,0,11.85,12.3
343,17.863,43.71,0.3791,0.197,0,0,751,0,1,3,1,160,0,75,-1,1000,3.0,52.0,0,11.37,11.98
344,17.906,43.09,0.3724,0.1855,0,0,895,1,1,3,1,160,0,75,-1,1000,1.0,60.0,0,11.17,11.69
345,17.952,46.34,0.3623,0.1929,0,0,1119,1,1,3,1,160,0,75,-1,1000,4.0,49.0,0,10.87,11.41
346,17.994,41.74,0.3473,0.1798,0,0,1400,1,1,3,1,160,0,75,-1,1000,2.0,40.0,0,10.42,11.06
347,18.039,45.46,0.3503,0.2056,0,0,1530,1,1,3,1,160,0,75,-1,1000,7.0,99.0,0,10.51,10.87
348,18.082,42.87,0.3394,0.1943,0,0,1903,1,1,3,1,160,0,75,-1,1000,3.0,95.0,0,10.18,10.63
349,18.125,43.35,0.3358,0.199,0,0,2440,1,1,3,1,160,0,75,-1,1000,26.0,110.0,0,10.07,10.43
350,18.169,43.93,0.3237,0.1902,0,0,2789,1,1,3,1,160,0,75,-1,1000,37.0,164.0,0,9.71,10.18
351,18.225,55.57,0.3164,0.1971,0,0,2815,1,1,3,1,160,0,75,-1,1000,76.0,288.0,0,9.49,9.94
352,18.274,49.0,0.3185,0.174,0,0,1663,1,1,3,1,160,0,75,-1,1000,214.0,85.0,0,9.55,9.8
353,18.314,40.15,0.3084,0.1575,0,0,1382,1,1,3,1,160,0,75,-1,1000,199.0,1.0,0,9.25,9.61
354,18.581,266.89,0.3016,0.1527,0,0,0,2,1,4,1,160,0,75,-1,1000,84.0,0.0,0,9.05,9.41
355,18.623,42.46,0.2852,0.0665,382,0,0,0,1,4,1,160,0,75,-1,1000,0.0,4.0,0,0.0,6.12
356,18.665,41.6,0.2892,0.0617,429,0,0,0,1,4,1,283,21,421,0,1000,0.0,0.0,313,15.65,9.23
357,18.708,43.11,0.2791,0.0485,477,0,0,0,1,4,1,272,20,422,0,1000,0.0,6.0,302,15.1,11.25
358,18.754,45.95,0.2938,0.058,649,0,0,0,1,4,1,266,20,427,0,1000,0.0,4.0,296,14.8,12.49
359,18.795,41.03,0.2875,0.0487,827,1,0,0,1,4,1,263,18,433,0,1000,0.0,9.0,293,14.65,13.25
360,18.844,48.55,0.2724,0.0418,964,1,0,0,1,4,1,259,19,480,0,1000,0.0,2.0,289,14.45,13.67
361,18.889,45.05,0.2762,0.0379,1181,1,0,0,1,4,1,253,19,472,0,1000,0.0,7.0,283,14.15,13.84
362,18.931,41.9,0.2791,0.0387,1314,1,0,0,1,4,1,250,20,412,0,1000,0.0,5.0,280,14.0,13.89
363,18.977,45.94,0.2662,0.045,1535,1,0,0,1,4,1,160,0,75,-1,1000,0.0,10.0,0,0.0,9.03
364,19.02,43.86,0.2613,0.0477,1823,1,0,0,1,4,1,160,0,75,-1,1000,0.0,7.0,0,0.0,5.87
365,19.064,43.39,0.2515,0.0513,2026,1,0,0,1,4,1,160,0,75,-1,1000,0.0,3.0,0,0.0,3.82
366,19.109,45.1,0.2452,0.0558,2308,1,0,0,1,4,1,160,0,75,-1,1000,0.0,6.0,0,0.0,2.48
367,19.159,49.86,0.2341,0.0461,2711,1,0,0,1,4,1,160,0,75,-1,1000,0.0,3.0,0,0.0,1.61
368,19.199,40.1,0.2281,0.0484,3131,1,0,0,1,4,1,160,0,75,-1,1000,0.0,2.0,0,0.0,1.05
369,19.243,44.21,0.2181,0.0477,2927,1,0,0,1,4,1,160,0,75,-1,1000,0.0,2.0,0,0.0,0.68
370,19.29,47.17,0.2167,0.0515,1426,1,0,0,1,4,1,160,0,75,-1,1000,0.0,5.0,0,0.0,0.44
371,19.339,49.14,0.205,0.0633,1049,1,0,0,1,4,1,160,0,75,-1,1000,0.0,1.0,0,0.0,0.29
372,19.385,45.55,0.1972,0.064,0,2,0,0,1,4,1,160,0,75,-1,1000,0.0,1.0,0,0.0,0.19
373,19.426,40.8,0.1989,0.0687,0,0,0,0,1,4,1,160,0,75,-1,1000,0.0,7.0,0,0.0,0.12
374,19.469,43.71,0.1864,0.0704,0,0,0,0,1,4,1,160,0,75,-1,1000,0.0,2.0,0,0.0,0.08
375,19.511,41.99,0.178,0.083,0,0,0,0,1,4,0,167,39,744,0,1000,2.0,6.0,197,9.85,3.5
376,19.558,46.89,0.1657,0.0769,0,0,0,0,1,4,0,164,37,783,0,1000,0.0,3.0,194,9.7,5.67
377,19.605,47.02,0.1689,0.0954,0,0,0,0,1,4,0,152,41,1170,0,1000,0.0,1.0,182,9.1,6.87
378,19.657,51.17,0.1701,0.1021,0,0,0,0,1,4,0,144,44,1660,0,1000,0.0,5.0,174,8.7,7.51
379,19.704,47.15,0.1593,0.1172,0,0,0,0,1,4,0,129,51,2261,0,1000,13.0,1.0,159,7.95,7.66
380,19.746,42.29,0.1562,0.1275,0,0,0,0,1,4,0,106,56,4405,0,1000,83.0,10.0,136,6.8,7.36
381,19.791,45.35,0.1507,0.1398,0,0,7867,1,1,4,0,85,57,7121,0,1000,169.0,6.0,115,5.75,6.8
382,19.854,62.35,0.1474,0.1774,0,0,9222,1,1,4,0,160,0,75,-1,1000,558.0,11.0,0,0.0,4.42
383,19.91,56.21,0.1805,0.191,0,0,519,2,1,5,0,39,70,7007,0,1000,1090.0,5.0,69,3.45,4.08
384,19.959,48.94,0.1492,0.2114,0,0,677,0,1,5,0,24,77,4326,0,1000,729.0,3.0,54,2.7,3.6
385,20.002,43.67,0.1284,0.2284,0,0,720,0,1,5,0,13,98,1223,0,1000,436.0,0.0,37.21,1.86,2.99
386,20.051,48.75,0.0947,0.2559,0,0,812,0,1,5,0,160,0,75,-1,1000,32.0,0.0,0,0.0,1.94
387,20.102,51.16,0.0856,0.2852,0,0,875,1,1,5,0,91,7,101,1,1000,0.0,0.0,-629.0,-31.45,-9.74
388,20.15,47.49,0.0775,0.3142,0,0,913,1,1,5,0,84,7,95,1,1000,1.0,0.0,-636.0,-12.57,-10.73
389,20.204,53.91,0.0713,0.3573,0,0,954,1,1,5,0,160,0,75,-1,1000,5.0,1.0,0,-14.29,-11.98
390,20.253,49.15,0.0854,0.3705,0,0,995,1,1,5,0,160,0,75,-1,1000,3.0,0.0,0,-14.82,-12.97
391,20.301,48.2,0.0791,0.388,0,0,1017,1,1,5,0,160,0,75,-1,1000,1.0,0.0,0,-15.52,-13.86
392,20.347,46.25,0.0716,0.3916,0,0,960,1,1,5,0,72,9,115,1,1000,1.0,0.0,-648.0,-15.67,-14.49
393,20.394,46.2,0.0772,0.3933,0,0,1041,1,1,5,0,160,0,75,-1,1000,0.0,0.0,0,-15.73,-14.93
394,20.436,42.19,0.0827,0.3992,0,0,1034,1,1,5,0,160,0,75,-1,1000,0.0,0.0,0,-15.97,-15.29
395,20.485,49.05,0.0889,0.389,0,0,1009,1,1,5,0,160,0,75,-1,1000,0.0,0.0,0,-15.56,-15.39
396,20.53,45.18,0.094,0.3993,0,0,1001,1,1,5,0,78,10,146,1,1000,2.0,0.0,-642.0,-15.97,-15.59
397,20.582,51.75,0.0994,0.3999,0,0,961,1,1,5,0,160,0,75,-1,1000,4.0,0.0,0,-16.0,-15.73
398,20.631,49.11,0.1081,0.398,0,0,857,1,1,5,0,160,0,75,-1,1000,2.0,0.0,0,-15.92,-15.8
399,20.677,46.54,0.1052,0.4022,0,0,833,0,1,5,0,160,0,75,-1,1000,3.0,2.0,0,-16.09,-15.9
400,20.721,43.19,0.1042,0.3948,0,0,781,0,1,5,0,160,0,75,-1,1000,6.0,0.0,0,-15.79,-15.86
401,20.772,51.56,0.1047,0.3904,0,0,735,0,1,5,0,160,0,75,-1,1000,2.0,2.0,0,-15.62,-15.78
402,20.818,45.81,0.1133,0.3891,0,0,674,0,1,5,0,94,10,184,1,1000,5.0,0.0,-626.0,-15.56,-15.7
403,20.863,44.8,0.119,0.3815,0,0,610,0,1,5,0,97,10,194,1,1000,0.0,7.0,-623.0,-15.26,-15.55
404,20.907,44.52,0.122,0.3652,0,0,538,0,1,5,0,99,10,201,1,1000,0.0,13.0,-621.0,-14.61,-15.22
405,20.952,44.91,0.1322,0.3528,0,0,515,0,1,5,0,103,10,214,1,1000,2.0,22.0,-617.0,-14.11,-14.83
406,21.002,50.16,0.1334,0.3486,0,0,474,0,1,5,0,105,9,223,1,1000,0.0,13.0,-615.0,-13.94,-14.52
407,21.047,44.77,0.1336,0.3382,0,0,417,0,1,5,0,108,9,239,1,1000,0.0,32.0,-612.0,-13.53,-14.17
408,21.094,47.25,0.1403,0.3135,0,0,0,0,1,5,0,111,10,240,1,1000,0.0,32.0,-609.0,-12.54,-13.6
409,21.14,45.75,0.1453,0.3035,0,0,0,0,1,5,0,114,10,267,1,1000,2.0,42.0,-606.0,-12.14,-13.09
410,21.19,49.35,0.148,0.2805,0,0,0,0,1,5,0,118,10,277,1,1000,0.0,56.0,-602.0,-30.1,-19.04
411,21.232,42.31,0.1537,0.2496,0,0,0,0,1,5,0,121,10,293,1,1000,1.0,57.0,-599.0,-29.95,-22.86
412,21.283,51.45,0.1547,0.2452,0,0,0,0,1,5,0,124,10,311,1,1000,1.0,57.0,-596.0,-29.8,-25.29
413,21.327,43.86,0.1632,0.2287,0,0,0,0,1,5,0,129,11,340,1,1000,1.0,76.0,-591.0,-29.55,-26.78
414,21.373,45.55,0.1706,0.1863,0,0,0,0,1,5,0,140,11,366,1,1000,0.0,100.0,-580.0,-29.0,-27.56
415,21.417,44.56,0.1775,0.1557,0,0,0,0,1,5,0,149,11,377,1,1000,0.0,95.0,-571.0,-28.55,-27.9
416,21.461,43.82,0.1976,0.1188,0,0,0,0,1,5,0,162,12,392,1,1000,0.0,95.0,-558.0,-27.9,-27.9
417,21.505,43.95,0.2098,0.0995,0,0,0,0,1,5,0,173,12,422,1,1000,0.0,112.0,-547.0,-27.35,-27.71
418,21.548,42.56,0.2219,0.0824,0,0,0,0,1,5,0,160,0,75,-1,1000,1.0,110.0,0,0.0,-18.01
419,21.594,46.0,0.2308,0.084,0,0,0,0,1,5,0,194,13,451,1,1000,0.0,120.0,-526.0,-26.3,-20.91
420,21.642,48.06,0.2507,0.0781,0,0,0,0,1,5,0,160,0,75,-1,1000,0.0,124.0,0,0.0,-13.59
421,21.69,48.16,0.2585,0.0915,0,0,0,0,1,5,0,221,14,472,1,1000,0.0,87.0,0,0.0,-8.84
422,21.735,45.71,0.2652,0.1055,0,0,0,0,1,5,0,234,15,484,1,1000,0.0,40.0,0,0.0,-5.74
423,21.784,48.27,0.2715,0.1023,0,0,0,0,1,5,0,249,17,481,1,1000,0.0,29.0,0,0.0,-3.73
424,21.835,50.85,0.2759,0.1061,0,0,0,0,1,5,0,253,18,494,1,1000,0.0,27.0,0,0.0,-2.43
425,21.878,43.18,0.2852,0.1171,0,0,0,0,1,5,1,262,20,507,1,1000,0.0,3.0,0,0.0,-1.58
426,21.928,50.44,0.2859,0.1195,0,0,0,0,1,5,1,266,20,536,1,1000,0.0,1.0,0,0.0,-1.03
427,21.973,44.49,0.2884,0.1127,0,0,0,0,1,5,1,271,21,562,1,1000,0.0,1.0,0,0.0,-0.67
428,22.02,47.59,0.2886,0.1124,0,0,0,0,1,5,1,275,22,593,1,1000,0.0,0.0,0,0.0,-0.43
429,22.06,39.27,0.297,0.1247,0,0,0,0,1,5,1,280,25,615,1,1000,0.0,0.0,0,0.0,-0.28
430,22.104,44.9,0.3051,0.1178,0,0,0,0,1,5,1,284,25,677,1,1000,0.0,0.0,0,9.15,3.02
431,22.147,42.24,0.3169,0.1178,0,0,0,0,1,5,1,286,27,709,1,1000,0.0,0.0,0,9.51,5.29
432,22.19,43.09,0.3212,0.1168,0,0,0,0,1,5,1,291,28,766,1,1000,0.0,1.0,0,9.64,6.81
433,22.233,42.77,0.3237,0.1137,0,0,0,0,1,5,1,293,29,832,1,1000,0.0,0.0,0,9.71,7.83
434,22.276,43.8,0.3283,0.1158,0,0,0,0,1,5,1,294,31,874,1,1000,0.0,1.0,0,9.85,8.53
435,22.321,44.51,0.3278,0.1155,0,0,0,0,1,5,1,295,32,969,1,1000,0.0,0.0,0,9.83,8.99
436,22.366,45.32,0.3306,0.1083,0,0,0,0,1,5,1,296,33,1079,1,1000,0.0,0.0,0,9.92,9.31
437,22.419,52.95,0.3274,0.1178,0,0,0,0,1,5,1,296,35,1139,1,1000,0.0,3.0,0,9.82,9.49
438,22.465,45.36,0.33,0.111,0,0,0,0,1,5,1,298,37,1325,1,1000,0.0,11.0,0,9.9,9.64
439,22.507,42.14,0.3361,0.1161,0,0,0,0,1,5,1,300,39,1459,1,1000,0.0,16.0,0,10.08,9.79
440,22.558,51.12,0.3334,0.1178,0,0,0,0,1,5,1,300,41,1574,1,1000,0.0,15.0,0,10.0,9.86
441,22.598,40.41,0.333,0.1156,0,0,0,0,1,5,1,301,44,1677,1,1000,0.0,28.0,0,9.99,9.91
442,22.645,47.17,0.3322,0.1146,0,0,0,0,1,5,1,303,48,1732,1,1000,0.0,29.0,0,9.97,9.93
443,22.689,43.8,0.3248,0.1057,0,0,0,0,1,5,1,303,51,1838,1,1000,0.0,28.0,0,9.75,9.86
444,22.741,51.76,0.3166,0.1058,0,0,0,0,1,5,1,304,55,1943,1,1000,0.0,33.0,0,9.5,9.74
445,22.787,45.71,0.3112,0.0945,0,0,0,0,1,5,1,303,60,2210,1,1000,4.0,47.0,0,9.34,9.6
446,22.834,47.08,0.2969,0.0965,0,0,0,0,1,5,1,303,64,2382,1,1000,0.0,142.0,0,0.0,6.24
447,22.883,49.44,0.2877,0.0895,0,0,0,0,1,5,1,304,71,2434,1,1000,0.0,179.0,0,0.0,4.05
448,22.93,47.1,0.2912,0.0986,0,0,178,0,1,5,1,305,80,2311,1,1000,0.0,218.0,0,0.0,2.64
449,22.975,44.49,0.2889,0.0905,0,0,245,0,1,5,1,305,87,1810,1,1000,0.0,267.0,0,0.0,1.71
450,23.021,46.68,0.2771,0.0849,0,0,357,0,1,5,1,306,95,1341,1,1000,0.0,304.0,0,0.0,1.11
451,23.075,53.8,0.2846,0.0843,0,0,500,0,1,5,1,308,106,572,1,1000,0.0,309.0,0,0.0,0.72
452,23.116,40.66,0.2793,0.0816,0,0,601,0,1,5,1,160,0,75,-1,1000,0.0,327.0,0,0.0,0.47
453,23.164,48.34,0.2529,0.0654,0,0,657,0,1,5,1,160,0,75,-1,1000,0.0,298.0,0,0.0,0.31
454,23.212,47.85,0.2518,0.0702,0,0,780,0,1,5,1,160,0,75,-1,1000,0.0,301.0,0,0.0,0.2
455,23.262,49.62,0.2408,0.0717,0,0,909,1,1,5,1,160,0,75,-1,1000,0.0,343.0,0,0.0,0.13
456,23.307,44.97,0.2273,0.078,0,0,1082,1,1,5,1,160,0,75,-1,1000,0.0,363.0,0,0.0,0.08
457,23.356,49.32,0.2174,0.0744,0,0,1298,1,1,5,1,160,0,75,-1,1000,3.0,344.0,0,0.0,0.05
458,23.402,45.74,0.2135,0.0869,0,0,1555,1,1,5,1,160,0,75,-1,1000,1.0,342.0,0,0.0,0.04
459,23.447,45.3,0.1999,0.0862,0,0,1907,1,1,5,1,160,0,75,-1,1000,2.0,375.0,0,0.0,0.02
460,23.499,51.81,0.1886,0.0944,0,0,2266,1,1,5,1,160,0,75,-1,1000,1.0,412.0,0,0.0,0.01
461,23.548,48.71,0.1825,0.0958,0,0,2683,1,1,5,1,160,0,75,-1,1000,5.0,409.0,0,0.0,0.01
462,23.592,44.18,0.1721,0.1018,0,0,3254,1,1,5,1,160,0,75,-1,1000,9.0,425.0,0,0.0,0.01
463,23.636,44.12,0.1732,0.1059,0,0,3311,1,1,5,1,160,0,75,-1,1000,12.0,520.0,0,0.0,0.0
464,23.679,43.5,0.1674,0.1001,0,0,1706,1,1,5,1,160,0,75,-1,1000,42.0,453.0,0,0.0,0.0
465,23.726,46.85,0.1488,0.098,0,0,1155,1,1,5,1,160,0,75,-1,1000,11.0,489.0,0,0.0,0.0
466,23.988,262.1,0.1432,0.1025,184,0,0,2,1,6,1,160,0,75,-1,1000,3.0,508.0,0,0.0,0.0
467,24.031,42.82,0.1675,0.0612,1012,1,0,0,1,6,1,160,0,75,-1,1000,274.0,323.0,0,0.0,0.0
468,24.076,44.43,0.1454,0.0612,1151,1,0,0,1,6,1,160,0,75,-1,1000,341.0,296.0,0,0.0,0.0
469,24.121,45.57,0.137,0.0526,1261,1,0,0,1,6,1,160,0,75,-1,1000,535.0,73.0,0,0.0,0.0
470,24.175,54.0,0.1457,0.0533,1657,1,0,0,1,6,1,160,0,75,-1,1000,602.0,21.0,0,0.0,0.0
471,24.224,48.88,0.1537,0.0737,1967,1,0,0,1,6,1,160,0,75,-1,1000,607.0,16.0,0,0.0,0.0
472,24.27,46.35,0.145,0.0703,2295,1,0,0,1,6,1,160,0,75,-1,1000,587.0,13.0,0,0.0,0.0
473,24.316,45.32,0.1462,0.0652,2681,1,0,0,1,6,1,160,0,75,-1,1000,624.0,13.0,0,0.0,0.0
474,24.366,50.24,0.1552,0.0687,2961,1,0,0,1,6,1,160,0,75,-1,1000,658.0,10.0,0,0.0,0.0
475,24.413,47.29,0.164,0.0728,3529,1,0,0,1,6,1,160,0,75,-1,1000,651.0,3.0,0,0.0,0.0
476,24.46,46.73,0.1636,0.0797,2980,1,0,0,1,6,1,160,0,75,-1,1000,636.0,6.0,0,0.0,0.0
477,24.51,49.78,0.1694,0.0811,0,2,0,0,1,6,1,160,0,75,-1,1000,708.0,4.0,0,0.0,0.0
478,24.556,46.29,0.1689,0.0736,0,0,0,0,1,6,1,160,0,75,-1,1000,650.0,10.0,0,0.0,0.0
479,24.6,43.81,0.1792,0.0817,0,0,0,0,1,6,1,160,0,75,-1,1000,678.0,5.0,0,0.0,0.0
480,24.643,43.22,0.1886,0.084,0,0,0,0,1,6,1,160,0,75,-1,1000,667.0,3.0,0,0.0,0.0
481,24.696,53.29,0.1896,0.087,0,0,0,0,1,6,1,160,0,75,-1,1000,636.0,5.0,0,0.0,0.0
482,24.74,43.32,0.1931,0.0984,0,0,0,0,1,6,1,160,0,75,-1,1000,624.0,11.0,0,0.0,0.0
483,24.785,45.17,0.1835,0.1145,0,0,0,0,1,6,1,160,0,75,-1,1000,568.0,7.0,0,0.0,0.0
484,24.83,45.16,0.1814,0.1225,0,0,0,0,1,6,1,160,0,75,-1,1000,489.0,21.0,0,0.0,0.0
485,24.875,45.44,0.1878,0.1358,0,0,0,0,1,6,1,160,0,75,-1,1000,495.0,7.0,0,0.0,0.0
486,24.93,54.66,0.1804,0.1381,0,0,0,0,1,6,1,160,0,75,-1,1000,511.0,6.0,0,0.0,0.0
487,24.989,59.06,0.1706,0.147,0,0,0,0,1,6,1,160,0,75,-1,1000,521.0,10.0,0,0.0,0.0
488,25.037,48.16,0.1741,0.1768,0,0,0,0,1,6,1,160,0,75,-1,1000,488.0,3.0,0,0.0,0.0
489,25.085,47.58,0.152,0.1852,0,0,0,0,1,6,1,160,0,75,-1,1000,410.0,19.0,0,0.0,0.0
490,25.132,47.3,0.1511,0.1943,0,0,0,0,1,6,1,160,0,75,-1,1000,304.0,3.0,0,0.0,0.0
491,25.175,42.72,0.1422,0.2081,0,0,0,0,1,6,1,160,0,75,-1,1000,92.0,1.0,0,0.0,0.0
492,25.219,43.8,0.1376,0.2293,0,0,0,0,1,6,1,160,0,75,-1,1000,10.0,7.0,0,0.0,0.0
493,25.263,44.34,0.1392,0.2558,0,0,0,0,1,6,1,160,0,75,-1,1000,9.0,1.0,0,0.0,0.0
494,25.306,42.51,0.1335,0.267,0,0,0,0,1,6,1,160,0,75,-1,1000,15.0,2.0,0,0.0,0.0
495,25.351,45.63,0.1395,0.2817,0,0,0,0,1,6,1,160,0,75,-1,1000,11.0,2.0,0,0.0,0.0
496,25.408,56.53,0.1326,0.3095,0,0,369,0,1,6,1,160,0,75,-1,1000,17.0,1.0,0,-9.29,-3.25
497,25.453,45.03,0.1221,0.3458,0,0,389,0,1,6,1,160,0,75,-1,1000,11.0,0.0,0,-10.37,-5.74
498,25.502,49.43,0.1272,0.3691,0,0,390,0,1,6,1,160,0,75,-1,1000,20.0,0.0,0,-11.07,-7.61
499,25.551,48.51,0.1141,0.3935,0,0,415,0,1,6,1,160,0,75,-1,1000,15.0,3.0,0,-11.81,-9.08
500,25.593,42.43,0.1169,0.4286,0,0,480,0,1,6,1,160,0,75,-1,1000,36.0,1.0,0,-12.86,-10.4
501,25.642,48.68,0.1058,0.4382,0,0,507,0,1,6,1,160,0,75,-1,1000,14.0,0.0,0,-13.15,-11.36
502,25.693,50.79,0.1109,0.4398,0,0,521,0,1,6,1,160,0,75,-1,1000,15.0,2.0,0,-13.19,-12.0
503,25.743,50.86,0.1176,0.4463,0,0,501,0,1,6,1,160,0,75,-1,1000,11.0,0.0,0,-13.39,-12.49
504,25.8,56.88,0.1198,0.448,0,0,492,0,1,6,1,160,0,75,-1,1000,17.0,1.0,0,-13.44,-12.82
505,25.844,43.66,0.1251,0.4494,0,0,512,0,1,6,1,160,0,75,-1,1000,18.0,4.0,0,-13.48,-13.05
506,25.891,47.43,0.1252,0.455,0,0,491,0,1,6,1,160,0,75,-1,1000,13.0,4.0,0,-13.65,-13.26
507,25.934,43.06,0.1228,0.4493,0,0,497,0,1,6,1,160,0,75,-1,1000,20.0,2.0,0,-13.48,-13.34
508,25.979,44.54,0.1242,0.4443,0,0,524,0,1,6,1,160,0,75,-1,1000,20.0,4.0,0,-13.33,-13.34
509,26.025,45.62,0.1238,0.4455,0,0,513,0,1,6,1,160,0,75,-1,1000,14.0,8.0,0,-13.36,-13.35
510,26.069,44.13,0.1256,0.4324,0,0,472,0,1,6,1,160,0,75,-1,1000,28.0,3.0,0,-12.97,-13.21
511,26.119,50.63,0.1308,0.4256,0,0,486,0,1,6,1,160,0,75,-1,1000,12.0,0.0,0,-12.77,-13.06
512,26.165,45.32,0.126,0.4179,0,0,489,0,1,6,1,160,0,75,-1,1000,18.0,0.0,0,-12.54,-12.88
513,26.22,55.82,0.1225,0.4132,0,0,0,0,1,6,1,160,0,75,-1,1000,18.0,10.0,0,-12.4,-12.71
514,26.267,46.88,0.1264,0.3979,0,0,402,0,1,6,1,160,0,75,-1,1000,21.0,2.0,0,-11.94,-12.44
515,26.311,44.03,0.1298,0.3897,0,0,0,0,1,6,1,160,0,75,-1,1000,25.0,3.0,0,-11.69,-12.18
516,26.356,44.62,0.1337,0.3751,0,0,0,0,1,6,1,160,0,75,-1,1000,21.0,1.0,0,-11.25,-11.85
517,26.405,49.44,0.1329,0.3739,0,0,0,0,1,6,1,160,0,75,-1,1000,26.0,11.0,0,-11.22,-11.63
518,26.45,44.24,0.1351,0.3609,0,0,0,0,1,6,1,160,0,75,-1,1000,38.0,1.0,0,-10.83,-11.35
519,26.494,44.41,0.1404,0.3616,0,0,0,0,1,6,1,105,13,420,0,1000,19.0,7.0,135,-10.85,-11.17
520,26.537,42.96,0.1471,0.356,0,0,0,0,1,6,1,106,14,438,0,1000,25.0,0.0,136,-10.68,-11.0
521,26.58,43.05,0.1507,0.3452,0,0,0,0,1,6,1,108,14,478,0,1000,29.0,3.0,138,-10.36,-10.78
522,26.625,45.24,0.1547,0.3328,0,0,0,0,1,6,0,110,15,514,0,1000,32.0,3.0,140,-13.31,-11.66
523,26.671,45.39,0.15,0.3158,0,0,0,0,1,6,0,111,14,537,0,1000,38.0,13.0,141,-12.63,-12.0
524,26.722,51.68,0.1548,0.2996,0,0,0,0,1,6,0,114,15,606,0,1000,17.0,8.0,144,7.2,-5.28
525,26.767,44.12,0.1575,0.281,0,0,0,0,1,6,0,115,15,629,0,1000,28.0,5.0,145,7.25,-0.9
526,26.808,41.89,0.1601,0.2602,0,0,0,0,1,6,0,117,17,704,0,1000,26.0,5.0,147,7.35,1.99
527,26.857,48.12,0.1644,0.2482,0,0,0,0,1,6,0,119,17,745,0,1000,44.0,2.0,149,7.45,3.9
528,26.899,42.76,0.1704,0.238,0,0,0,0,1,6,0,118,18,815,0,1000,35.0,3.0,148,7.4,5.13
529,26.945,45.75,0.1667,0.2361,0,0,0,0,1,6,0,114,20,903,0,1000,35.0,3.0,144,7.2,5.85
530,26.989,43.62,0.1626,0.2334,0,0,0,0,1,6,0,107,21,990,0,1000,76.0,13.0,137,6.85,6.2
531,27.037,48.69,0.1615,0.234,0,0,175,0,1,6,0,102,22,1085,0,1000,56.0,9.0,132,6.6,6.34
532,27.082,44.31,0.1515,0.2408,0,0,205,0,1,6,0,93,23,1197,0,1000,66.0,7.0,123,6.15,6.27
533,27.121,39.31,0.1511,0.25,0,0,1739,1,1,6,0,84,25,1268,0,1000,75.0,9.0,114,5.7,6.07
534,27.169,48.16,0.1515,0.2457,0,0,323,2,1,7,0,78,26,1354,0,1000,111.0,14.0,108,5.4,5.84
535,27.216,46.72,0.1491,0.2494,0,0,392,0,1,7,0,65,29,1542,0,1000,124.0,5.0,95,4.75,5.46
536,27.257,41.09,0.1503,0.2561,0,0,2251,1,1,7,0,58,31,1663,0,1000,110.0,11.0,88,4.4,5.09
537,27.299,42.17,0.1501,0.2511,0,0,531,0,1,7,0,47,34,1785,0,1000,112.0,1.0,77,3.85,4.65
538,27.346,46.88,0.1529,0.2493,0,0,2749,1,1,7,0,35,38,1932,0,1000,112.0,19.0,65,3.25,4.16
539,27.391,44.78,0.1487,0.2478,0,0,765,0,1,7,0,23,41,2070,0,1000,116.0,10.0,53,2.65,3.63
540,27.433,42.58,0.1475,0.249,0,0,852,1,1,7,0,17,45,1909,0,1000,109.0,7.0,47,2.35,3.18
541,27.478,44.29,0.1585,0.2456,0,0,2496,1,1,7,0,11,51,1355,0,1000,103.0,13.0,41,2.05,2.79
542,27.521,43.68,0.1685,0.2387,263,0,1929,1,1,7,0,5,63,533,0,1000,114.0,11.0,35,1.75,2.42
543,27.565,43.98,0.1606,0.2265,293,0,1544,1,1,7,0,160,0,75,-1,1000,14.0,20.0,0,0.0,1.58
544,27.61,44.27,0.164,0.2204,429,0,1648,1,1,7,0,191,11,429,0,1000,1.0,7.0,221,11.05,4.89
545,27.657,47.11,0.1624,0.2134,540,0,1961,1,1,7,0,187,12,439,0,1000,0.0,17.0,217,10.85,6.98
546,27.7,43.03,0.1645,0.1995,692,0,2374,1,1,7,0,183,12,479,0,1000,1.0,16.0,213,10.65,8.26
547,27.743,42.88,0.1689,0.1748,859,1,2862,1,1,7,0,179,13,521,0,1000,0.0,31.0,209,10.45,9.03
548,27.787,43.94,0.1732,0.1611,998,1,3249,1,1,7,0,176,14,542,0,1000,1.0,18.0,206,10.3,9.47
549,27.835,48.84,0.166,0.1436,1246,1,3715,1,1,7,0,171,14,600,0,1000,3.0,26.0,201,10.05,9.68
550,27.878,42.63,0.1623,0.1361,1531,1,1750,1,1,7,0,164,15,636,0,1000,11.0,21.0,194,9.7,9.68
551,27.924,45.58,0.1584,0.1256,1811,1,0,0,1,7,0,157,15,713,0,1000,2.0,15.0,187,9.35,9.57
552,27.975,51.06,0.1541,0.1269,2244,1,0,0,1,7,0,150,17,786,0,1000,10.0,11.0,180,9.0,9.37
553,28.017,42.11,0.1506,0.1284,2038,1,0,0,1,7,0,141,18,833,0,1000,14.0,0.0,171,8.55,9.08
554,28.066,49.32,0.1522,0.1233,1648,1,0,0,1,7,0,132,19,895,0,1000,39.0,1.0,162,8.1,8.74
555,28.106,40.06,0.1545,0.1185,1497,1,0,0,1,7,0,126,19,967,0,1000,33.0,0.0,156,7.8,8.41
556,28.152,46.08,0.1582,0.1169,1156,1,0,0,1,7,0,117,22,1048,0,1000,20.0,0.0,147,7.35,8.04
557,28.198,45.34,0.1593,0.1181,0,2,0,0,1,7,0,106,24,1127,0,1000,52.0,0.0,136,6.8,7.61
558,28.239,41.8,0.1514,0.107,0,0,0,0,1,7,0,96,25,1207,0,1000,62.0,2.0,126,6.3,7.15
559,28.284,44.22,0.153,0.0987,0,0,0,0,1,7,0,85,27,1307,0,1000,74.0,3.0,115,5.75,6.66
560,28.332,48.67,0.1623,0.106,0,0,0,0,1,7,0,76,30,1375,0,1000,89.0,26.0,106,5.3,6.18
561,28.379,46.69,0.1573,0.1031,0,0,0,0,1,7,0,63,33,1498,0,1000,107.0,40.0,93,4.65,5.65
562,28.424,44.7,0.1494,0.0913,0,0,0,0,1,7,0,49,35,1675,0,1000,127.0,44.0,79,3.95,5.05
563,28.468,44.33,0.1519,0.0843,0,0,0,0,1,7,0,33,40,1827,0,1000,126.0,46.0,63,3.15,4.39
564,28.514,46.2,0.1617,0.0842,0,0,0,0,1,7,0,18,46,1835,0,1000,158.0,44.0,48,2.4,3.69
565,28.56,46.04,0.1787,0.0803,0,0,0,0,1,7,0,10,54,1359,0,1000,139.0,32.0,40,2.0,3.1
566,28.603,42.85,0.1875,0.0822,0,0,0,0,1,7,0,5,70,475,0,1000,46.0,41.0,35,1.75,2.63
567,28.654,51.07,0.1905,0.0817,0,0,0,0,1,7,0,160,0,75,-1,1000,37.0,36.0,0,0.0,1.71
568,28.699,44.64,0.1914,0.0931,0,0,0,0,1,7,0,229,8,104,1,1000,0.0,43.0,0,0.0,1.11
569,28.744,45.09,0.1988,0.0895,0,0,0,0,1,7,0,224,8,101,1,1000,0.0,31.0,0,0.0,0.72
570,28.796,52.06,0.2024,0.0896,0,0,0,0,1,7,0,220,8,112,1,1000,0.0,41.0,-500.0,-25.0,-8.28
571,28.84,44.07,0.2015,0.0832,0,0,0,0,1,7,0,215,8,117,1,1000,0.0,55.0,-505.0,-25.25,-14.22
572,28.888,47.95,0.2099,0.0857,0,0,0,0,1,7,0,207,7,119,1,1000,0.0,29.0,-513.0,-25.65,-18.22
573,28.929,41.39,0.2087,0.086,0,0,0,0,1,7,0,207,7,128,1,1000,0.0,26.0,-513.0,-25.65,-20.82
574,28.98,51.08,0.2153,0.078,0,0,0,0,1,7,0,209,8,134,1,1000,0.0,23.0,-511.0,-25.55,-22.48
575,29.03,49.9,0.2217,0.091,0,0,0,0,1,7,0,216,9,134,1,1000,0.0,51.0,-504.0,-25.2,-23.43
576,29.082,51.32,0.2265,0.0828,0,0,0,0,1,7,0,226,9,134,1,1000,0.0,39.0,0,0.0,-15.23
577,29.126,44.67,0.2259,0.0824,0,0,0,0,1,7,0,238,10,139,1,1000,0.0,51.0,0,0.0,-9.9
578,29.174,47.9,0.2368,0.0995,0,0,0,0,1,7,0,251,12,134,1,1000,0.0,49.0,0,0.0,-6.43
579,29.218,43.58,0.2382,0.122,0,0,0,0,1,7,0,264,13,133,1,1000,0.0,0.0,0,0.0,-4.18
580,29.26,42.05,0.2354,0.1131,0,0,0,0,1,7,0,270,13,139,1,1000,0.0,0.0,0,0.0,-2.72
581,29.304,44.27,0.2338,0.1212,0,0,0,0,1,7,0,275,14,142,1,1000,0.0,0.0,0,0.0,-1.77
582,29.349,45.0,0.2398,0.1232,0,0,0,0,1,7,0,280,15,146,1,1000,0.0,0.0,0,0.0,-1.15
583,29.392,43.01,0.2427,0.1274,0,0,0,0,1,7,0,284,16,146,1,1000,0.0,0.0,0,0.0,-0.75
584,29.44,47.65,0.2502,0.1329,0,0,0,0,1,7,0,289,17,143,1,1000,0.0,0.0,0,0.0,-0.49
585,29.489,48.81,0.2551,0.1366,0,0,0,0,1,7,0,291,17,150,1,1000,0.0,0.0,0,0.0,-0.32
586,29.536,47.79,0.2574,0.1327,0,0,0,0,1,7,0,295,17,177,1,1000,0.0,0.0,0,0.0,-0.21
587,29.585,48.43,0.2702,0.1473,0,0,0,0,1,7,0,297,18,159,1,1000,0.0,0.0,0,0.0,-0.13
588,29.627,42.65,0.2713,0.1377,0,0,0,0,1,7,0,299,18,168,1,1000,0.0,0.0,0,0.0,-0.09
589,29.669,41.54,0.2739,0.1457,0,0,0,0,1,7,0,301,18,179,1,1000,0.0,0.0,0,0.0,-0.06
590,29.716,46.63,0.2792,0.1402,0,0,0,0,1,7,0,303,19,185,1,1000,0.0,0.0,0,0.0,-0.04
591,29.758,42.32,0.2902,0.1462,0,0,0,0,1,7,0,304,19,182,1,1000,0.0,0.0,0,0.0,-0.02
592,29.802,43.94,0.2981,0.152,0,0,0,0,1,7,0,307,20,182,1,1000,0.0,0.0,0,0.0,-0.02
593,29.844,41.72,0.3052,0.1521,0,0,0,0,1,7,0,308,21,190,1,1000,0.0,0.0,0,9.15,3.19
594,29.899,55.7,0.3127,0.1582,0,0,0,0,1,7,0,312,16,101,1,1000,0.0,0.0,0,9.38,5.36
595,29.944,44.48,0.3198,0.1591,0,0,0,0,1,7,0,314,22,168,1,1000,0.0,0.0,0,9.59,6.84
596,29.996,52.4,0.3318,0.1509,0,0,0,0,1,7,0,314,22,128,1,1000,0.0,0.0,0,9.95,7.93
597,30.047,50.71,0.342,0.1532,0,0,0,0,1,7,0,314,21,152,1,1000,0.0,0.0,0,10.26,8.75
598,30.098,51.47,0.3602,0.1542,0,0,0,0,1,7,0,313,21,142,1,1000,0.0,0.0,0,10.8,9.47
599,30.138,39.26,0.3714,0.1408,0,0,0,0,1,7,0,310,19,193,1,1000,0.0,0.0,0,11.14,10.05
600,30.181,43.19,0.3845,0.1416,0,0,0,0,1,7,0,309,23,271,1,1000,0.0,0.0,0,11.54,10.57
601,30.226,44.88,0.387,0.1366,0,0,0,0,1,7,0,308,23,288,1,1000,0.0,0.0,0,11.61,10.94
602,30.267,41.47,0.3866,0.1263,0,0,0,0,1,7,0,306,24,285,1,1000,0.0,0.0,0,11.6,11.17
603,30.32,52.45,0.3887,0.1243,0,0,0,0,1,7,0,304,25,311,1,1000,0.0,0.0,0,11.66,11.34
604,30.364,44.48,0.3947,0.1221,0,0,0,0,1,7,0,303,25,365,1,1000,0.0,0.0,0,11.84,11.52
605,30.408,43.97,0.3823,0.1063,0,0,0,0,1,7,0,299,25,414,1,1000,0.0,0.0,0,11.47,11.5
606,30.45,41.79,0.3807,0.1027,0,0,0,0,1,7,0,296,25,447,1,1000,0.0,0.0,0,11.42,11.47
607,30.499,49.37,0.3811,0.1052,0,0,0,0,1,7,1,292,25,523,1,1000,0.0,0.0,0,11.43,11.46
608,30.544,44.35,0.3655,0.0943,0,0,0,0,1,7,1,288,25,569,1,1000,0.0,21.0,0,10.96,11.29
609,30.584,40.47,0.3564,0.0917,0,0,0,0,1,7,1,287,25,588,1,1000,0.0,57.0,0,10.69,11.08
610,30.627,43.2,0.3424,0.0898,0,0,0,0,1,7,1,283,26,641,1,1000,0.0,82.0,0,10.27,10.8
611,30.674,47.01,0.3323,0.0981,0,0,0,0,1,7,1,280,27,751,1,1000,0.0,78.0,0,9.97,10.51
612,30.716,41.49,0.3216,0.0905,0,0,0,0,1,7,1,276,27,875,1,1000,0.0,100.0,0,9.65,10.21
613,30.758,42.45,0.327,0.0906,0,0,0,0,1,7,1,274,28,930,1,1000,0.0,55.0,0,9.81,10.07
614,30.802,43.52,0.3152,0.099,0,0,0,0,1,7,1,271,29,1050,1,1000,0.0,87.0,0,9.46,9.85
615,30.848,46.47,0.3038,0.0896,0,0,0,0,1,7,1,267,30,1201,1,1000,0.0,52.0,0,9.11,9.6
616,30.896,47.39,0.2942,0.0962,0,0,0,0,1,7,1,265,30,1300,1,1000,0.0,44.0,0,0.0,6.24
617,30.942,45.93,0.2905,0.0979,0,0,0,0,1,7,1,263,32,1483,1,1000,0.0,30.0,0,0.0,4.05
618,30.986,44.49,0.2594,0.0831,0,0,0,0,1,7,1,261,32,1679,1,1000,0.0,26.0,0,0.0,2.64
619,31.039,53.24,0.2543,0.0936,0,0,0,0,1,7,1,258,34,1920,1,1000,0.0,39.0,0,0.0,1.71
620,31.082,42.3,0.2434,0.0965,0,0,209,0,1,7,1,255,36,2209,1,1000,0.0,29.0,0,0.0,1.11
621,31.124,42.87,0.2341,0.1056,0,0,0,0,1,7,1,251,38,2573,1,1000,0.0,20.0,0,0.0,0.72
622,31.165,40.96,0.2281,0.1098,0,0,284,0,1,7,1,248,41,3060,1,1000,0.0,36.0,0,0.0,0.47
623,31.209,43.69,0.2343,0.1134,0,0,323,0,1,7,1,247,43,3382,1,1000,0.0,32.0,0,0.0,0.31
624,31.252,43.22,0.237,0.1165,0,0,401,0,1,7,1,246,47,4069,1,1000,0.0,25.0,0,0.0,0.2
625,31.298,45.97,0.2214,0.1147,0,0,528,0,1,7,1,244,50,4924,1,1000,0.0,31.0,0,0.0,0.13
626,31.356,57.59,0.2088,0.0989,0,0,695,0,1,7,1,245,52,5592,1,1000,0.0,24.0,0,0.0,0.08
627,31.4,44.15,0.217,0.1338,0,0,594,0,1,7,1,246,59,7132,1,1000,0.0,45.0,0,0.0,0.05
628,31.447,46.55,0.2047,0.1367,0,0,775,0,1,7,1,160,0,75,-1,1000,2.0,50.0,0,0.0,0.04
629,31.491,44.46,0.202,0.1671,0,0,1002,1,1,7,1,160,0,75,-1,1000,0.0,51.0,0,0.0,0.02
630,31.759,267.98,0.1998,0.2628,0,0,754,2,1,8,1,272,60,122,1,1000,0.0,42.0,0,0.0,0.01
631,31.801,42.22,0.2273,0.1112,0,0,645,0,1,8,1,160,0,75,-1,1000,1.0,66.0,0,0.0,0.01
632,31.844,42.31,0.2186,0.1083,0,0,660,0,1,8,1,160,0,75,-1,1000,7.0,74.0,0,0.0,0.01
633,31.89,46.95,0.2119,0.1137,0,0,602,0,1,8,1,160,0,75,-1,1000,1.0,74.0,0,0.0,0.0
634,31.934,43.82,0.2068,0.117,0,0,0,0,1,8,1,160,0,75,-1,1000,0.0,89.0,0,0.0,0.0
635,31.98,45.79,0.218,0.1273,0,0,0,0,1,8,1,160,0,75,-1,1000,1.0,97.0,0,0.0,0.0
636,32.023,43.23,0.2119,0.1228,0,0,0,0,1,8,1,160,0,75,-1,1000,2.0,117.0,0,0.0,0.0
637,32.07,46.24,0.208,0.1148,0,0,0,0,1,8,1,160,0,75,-1,1000,0.0,112.0,0,0.0,0.0
638,32.111,41.48,0.2093,0.1156,0,0,0,0,1,8,1,160,0,75,-1,1000,3.0,103.0,0,0.0,0.0
639,32.162,50.85,0.2126,0.1208,0,0,0,0,1,8,1,160,0,75,-1,1000,4.0,94.0,0,0.0,0.0
640,32.206,44.32,0.2114,0.1213,0,0,0,0,1,8,1,160,0,75,-1,1000,4.0,116.0,0,0.0,0.0
641,32.254,47.36,0.2115,0.116,0,0,0,0,1,8,1,160,0,75,-1,1000,3.0,85.0,0,0.0,0.0
642,32.3,46.27,0.2144,0.1277,0,0,0,0,1,8,1,160,0,75,-1,1000,0.0,125.0,0,0.0,0.0
643,32.343,43.36,0.2149,0.1289,0,0,0,0,1,8,1,160,0,75,-1,1000,1.0,131.0,0,0.0,0.0
644,32.388,44.91,0.2116,0.1241,0,0,0,0,1,8,1,160,0,75,-1,1000,4.0,122.0,0,0.0,0.0
645,32.431,43.34,0.2117,0.1193,0,0,0,0,1,8,1,160,0,75,-1,1000,1.0,77.0,0,0.0,0.0
646,32.474,42.07,0.2125,0.1185,0,0,0,0,1,8,1,160,0,75,-1,1000,0.0,75.0,0,0.0,0.0
647,32.52,46.89,0.2122,0.1164,0,0,0,0,1,8,1,160,0,75,-1,1000,2.0,74.0,0,0.0,0.0
648,32.572,51.27,0.2126,0.1196,0,0,0,0,1,8,1,160,0,75,-1,1000,6.0,110.0,0,0.0,0.0
649,32.619,47.11,0.213,0.1166,0,0,0,0,1,8,1,160,0,75,-1,1000,3.0,73.0,0,0.0,0.0
650,32.672,52.87,0.2131,0.1217,0,0,0,0,1,8,1,160,0,75,-1,1000,0.0,91.0,0,0.0,0.0
651,32.723,51.27,0.2111,0.1197,0,0,0,0,1,8,1,160,0,75,-1,1000,4.0,83.0,0,0.0,0.0
652,32.772,49.02,0.212,0.1181,0,0,0,0,1,8,1,160,0,75,-1,1000,1.0,86.0,0,0.0,0.0
653,32.821,49.24,0.213,0.1248,0,0,0,0,1,8,1,160,0,75,-1,1000,0.0,83.0,0,0.0,0.0
654,32.868,46.43,0.2124,0.1214,0,0,0,0,1,8,1,160,0,75,-1,1000,1.0,114.0,0,0.0,0.0
655,32.907,39.17,0.2131,0.1266,0,0,0,0,1,8,1,160,0,75,-1,1000,2.0,135.0,0,0.0,0.0
656,32.949,42.07,0.2118,0.123,0,0,0,0,1,8,1,160,0,75,-1,1000,13.0,85.0,0,0.0,0.0
657,32.993,44.51,0.2123,0.1238,0,0,0,0,1,8,1,160,0,75,-1,1000,2.0,92.0,0,0.0,0.0
658,33.035,41.8,0.2142,0.1249,0,0,0,0,1,8,1,160,0,75,-1,1000,7.0,106.0,0,0.0,0.0
659,33.079,43.72,0.212,0.1237,0,0,0,0,1,8,1,160,0,75,-1,1000,3.0,105.0,0,0.0,0.0
660,33.124,45.35,0.2134,0.1222,0,0,0,0,1,8,1,160,0,75,-1,1000,5.0,98.0,0,0.0,0.0
661,33.18,55.89,0.2119,0.1199,0,0,0,0,1,8,1,160,0,75,-1,1000,0.0,81.0,0,0.0,0.0
662,33.227,46.85,0.2133,0.1192,0,0,0,0,1,8,1,160,0,75,-1,1000,5.0,60.0,0,0.0,0.0
663,33.277,50.2,0.2131,0.1211,0,0,0,0,1,8,1,160,0,75,-1,1000,3.0,130.0,0,0.0,0.0
664,33.319,42.22,0.2132,0.1201,0,0,0,0,1,8,1,160,0,75,-1,1000,8.0,138.0,0,0.0,0.0
665,33.369,49.7,0.2137,0.1234,0,0,0,0,1,8,1,160,0,75,-1,1000,10.0,123.0,0,0.0,0.0
666,33.415,45.65,0.2132,0.1221,0,0,0,0,1,8,1,160,0,75,-1,1000,5.0,126.0,0,0.0,0.0
667,33.455,40.07,0.2127,0.1203,0,0,0,0,1,8,1,160,0,75,-1,1000,0.0,86.0,0,0.0,0.0
668,33.506,51.03,0.2136,0.1224,0,0,0,0,1,8,1,160,0,75,-1,1000,7.0,89.0,0,0.0,0.0
669,33.553,47.34,0.214,0.1234,0,0,0,0,1,8,1,160,0,75,-1,1000,6.0,90.0,0,0.0,0.0
670,33.601,48.03,0.2143,0.1228,0,0,0,0,1,8,1,160,0,75,-1,1000,7.0,110.0,0,0.0,0.0
671,33.649,47.93,0.213,0.1261,0,0,0,0,1,8,1,160,0,75,-1,1000,8.0,119.0,0,0.0,0.0
672,33.698,48.8,0.2135,0.1134,0,0,0,0,1,8,1,160,0,75,-1,1000,3.0,52.0,0,0.0,0.0
673,33.744,45.61,0.2136,0.1209,0,0,0,0,1,8,1,160,0,75,-1,1000,4.0,99.0,0,0.0,0.0
674,33.791,47.29,0.2142,0.1285,0,0,0,0,1,8,1,160,0,75,-1,1000,1.0,140.0,0,0.0,0.0
675,33.836,45.19,0.2137,0.1184,0,0,0,0,1,8,1,160,0,75,-1,1000,3.0,123.0,0,0.0,0.0
676,33.885,49.1,0.2132,0.1169,0,0,0,0,1,8,1,160,0,75,-1,1000,4.0,95.0,0,0.0,0.0
677,33.937,51.37,0.214,0.1209,0,0,0,0,1,8,1,160,0,75,-1,1000,11.0,103.0,0,0.0,0.0
678,33.988,51.21,0.2137,0.123,0,0,0,0,1,8,1,160,0,75,-1,1000,10.0,76.0,0,0.0,0.0
679,34.036,48.04,0.2138,0.1201,0,0,0,0,1,8,1,160,0,75,-1,1000,0.0,85.0,0,0.0,0.0
680,34.089,53.59,0.2128,0.1206,0,0,0,0,1,8,1,160,0,75,-1,1000,0.0,77.0,0,0.0,0.0
681,34.135,46.09,0.2135,0.1206,0,0,0,0,1,8,1,160,0,75,-1,1000,7.0,116.0,0,0.0,0.0
682,34.18,44.1,0.2141,0.1204,0,0,0,0,1,8,1,160,0,75,-1,1000,1.0,88.0,0,0.0,0.0
683,34.228,48.0,0.2135,0.1251,0,0,0,0,1,8,1,160,0,75,-1,1000,4.0,72.0,0,0.0,0.0
684,34.269,41.4,0.2136,0.1198,0,0,0,0,1,8,1,160,0,75,-1,1000,4.0,78.0,0,0.0,0.0
685,34.317,47.57,0.2139,0.1189,0,0,0,0,1,8,1,160,0,75,-1,1000,2.0,82.0,0,0.0,0.0
686,34.36,43.28,0.2134,0.1207,0,0,0,0,1,8,1,160,0,75,-1,1000,4.0,71.0,0,0.0,0.0
687,34.402,42.22,0.2135,0.1229,0,0,0,0,1,8,1,160,0,75,-1,1000,1.0,102.0,0,0.0,0.0
688,34.446,43.7,0.2135,0.1193,0,0,0,0,1,8,1,160,0,75,-1,1000,0.0,77.0,0,0.0,0.0
689,34.491,45.08,0.2135,0.1215,0,0,0,0,1,8,1,160,0,75,-1,1000,5.0,125.0,0,0.0,0.0
690,34.533,42.35,0.2139,0.1256,0,0,0,0,1,8,1,160,0,75,-1,1000,5.0,142.0,0,0.0,0.0
691,34.577,44.18,0.2115,0.1214,0,0,0,0,1,8,1,160,0,75,-1,1000,1.0,106.0,0,0.0,0.0
692,34.624,47.03,0.2086,0.1114,0,0,0,0,1,8,1,160,0,75,-1,1000,2.0,97.0,0,0.0,0.0
693,34.666,42.12,0.2074,0.1082,0,0,0,0,1,8,1,160,0,75,-1,1000,5.0,84.0,0,0.0,0.0
694,34.717,50.81,0.2086,0.1141,0,0,0,0,1,8,1,160,0,75,-1,1000,2.0,114.0,0,0.0,0.0
695,34.763,45.37,0.2162,0.1237,0,0,0,0,1,8,1,160,0,75,-1,1000,5.0,120.0,0,0.0,0.0
696,34.809,46.76,0.2215,0.1328,0,0,0,0,1,8,1,160,0,75,-1,1000,3.0,117.0,0,0.0,0.0
697,34.858,48.15,0.219,0.1399,0,0,702,0,1,8,1,160,0,75,-1,1000,4.0,94.0,0,0.0,0.0
698,34.901,43.47,0.172,0.1313,0,0,1039,1,1,8,1,160,0,75,-1,1000,2.0,130.0,0,0.0,0.0
699,34.949,48.21,0.1551,0.141,0,0,1086,1,1,8,1,160,0,75,-1,1000,3.0,115.0,0,0.0,0.0
700,34.993,44.19,0.147,0.3745,0,0,1025,1,1,8,1,160,0,75,-1,1000,5.0,162.0,0,-11.24,-3.93
701,35.044,50.79,0.1754,0.5596,0,0,1176,1,1,8,1,160,0,75,-1,1000,7.0,86.0,0,-16.79,-8.43
702,35.088,43.85,0.2217,0.2952,0,0,1414,1,1,8,1,278,106,289,1,1000,8.0,91.0,0,0.0,-5.48
703,35.148,60.33,0.2486,0.1249,0,0,1367,1,1,8,1,307,105,633,1,1000,0.0,93.0,0,0.0,-3.56
704,35.207,58.65,0.3384,0.1351,0,0,843,1,1,8,1,160,0,75,-1,1000,2.0,69.0,0,10.15,1.24
705,35.47,263.07,0.38,0.1743,0,0,771,2,1,9,1,160,0,75,-1,1000,0.0,34.0,0,11.4,4.79
706,35.512,41.56,0.282,0.161,0,0,1210,1,1,9,1,160,0,75,-1,1000,0.0,95.0,0,0.0,3.12
707,35.557,45.09,0.2618,0.1528,0,0,1332,1,1,9,1,160,0,75,-1,1000,0.0,85.0,0,0.0,2.03
708,35.604,46.8,0.2474,0.1532,0,0,1543,1,1,9,1,160,0,75,-1,1000,1.0,98.0,0,0.0,1.32
709,35.647,43.58,0.2428,0.1552,0,0,1638,1,1,9,1,160,0,75,-1,1000,5.0,102.0,0,0.0,0.86
710,35.687,40.27,0.2422,0.1473,0,0,1801,1,1,9,1,160,0,75,-1,1000,3.0,81.0,0,0.0,0.56
711,35.735,47.93,0.2435,0.1468,0,0,2011,1,1,9,1,160,0,75,-1,1000,1.0,78.0,0,0.0,0.36
712,35.778,42.77,0.2391,0.1416,0,0,2309,1,1,9,1,160,0,75,-1,1000,0.0,89.0,0,0.0,0.24
713,35.819,41.31,0.2393,0.1429,0,0,2431,1,1,9,1,160,0,75,-1,1000,3.0,95.0,0,0.0,0.15
714,35.865,45.88,0.2403,0.1449,0,0,2710,1,1,9,1,160,0,75,-1,1000,17.0,124.0,0,0.0,0.1
715,35.911,45.25,0.2401,0.1438,0,0,3069,1,1,9,1,160,0,75,-1,1000,8.0,90.0,0,0.0,0.06
716,35.957,46.07,0.2446,0.1326,0,0,3547,1,1,9,1,160,0,75,-1,1000,9.0,131.0,0,0.0,0.04
717,36.002,45.42,0.248,0.1365,0,0,4038,1,1,9,1,160,0,75,-1,1000,19.0,144.0,0,0.0,0.03
718,36.048,45.94,0.245,0.1359,0,0,4210,1,1,9,1,160,0,75,-1,1000,20.0,205.0,0,0.0,0.02
719,36.092,43.6,0.2526,0.1246,0,0,2549,1,1,9,1,160,0,75,-1,1000,46.0,142.0,0,0.0,0.01
720,36.138,45.96,0.259,0.1196,0,0,0,0,1,9,1,259,18,426,0,1000,7.0,122.0,289,14.45,5.06
721,36.18,42.39,0.2605,0.1232,0,0,0,0,1,9,1,255,18,401,0,1000,0.0,114.0,285,14.25,8.28
722,36.23,50.07,0.2596,0.1125,0,0,0,0,1,9,1,252,17,434,0,1000,0.0,148.0,282,14.1,10.32
723,36.276,45.79,0.2641,0.1067,0,0,0,0,1,9,0,248,18,505,0,1000,0.0,95.0,278,13.9,11.57
724,36.318,42.4,0.2659,0.1059,0,0,0,0,1,9,0,246,19,569,0,1000,0.0,103.0,276,13.8,12.35
725,36.368,49.35,0.2666,0.1109,0,0,0,0,1,9,0,244,19,577,0,1000,0.0,95.0,274,13.7,12.82
726,36.411,42.98,0.2645,0.1125,0,0,0,0,1,9,0,240,19,459,0,1000,0.0,200.0,270,13.5,13.06
727,36.463,52.86,0.268,0.1096,0,0,0,0,1,9,0,234,19,685,0,1000,0.0,142.0,264,13.2,13.11
728,36.509,45.31,0.2654,0.1056,457,0,0,0,1,9,0,227,20,744,0,1000,0.0,132.0,257,12.85,13.02
729,36.56,51.61,0.2611,0.0884,588,0,0,0,1,9,0,221,20,864,0,1000,0.0,118.0,251,12.55,12.85
730,36.607,47.07,0.2612,0.09,730,0,0,0,1,9,0,217,21,860,0,1000,0.0,135.0,247,12.35,12.68
731,36.668,60.42,0.2649,0.0938,850,1,0,0,1,9,0,209,22,1023,0,1000,0.0,129.0,239,11.95,12.42
732,36.71,42.47,0.2644,0.0957,897,1,0,0,1,9,0,200,22,1167,0,1000,0.0,167.0,230,11.5,12.1
733,36.762,51.92,0.2621,0.1021,1692,1,0,0,1,9,0,191,24,1261,0,1000,0.0,180.0,221,11.05,11.73
734,36.81,47.61,0.251,0.106,1042,1,0,0,1,9,0,184,24,1419,0,1000,0.0,214.0,214,10.7,11.37
735,36.856,46.0,0.242,0.1125,0,2,0,0,1,9,0,175,26,1608,0,1000,7.0,235.0,205,10.25,10.98
736,36.897,41.46,0.2295,0.1004,0,0,0,0,1,9,0,165,27,1878,0,1000,41.0,142.0,195,9.75,10.55
737,36.943,45.7,0.2301,0.1159,0,0,0,0,1,9,0,158,29,2039,0,1000,85.0,164.0,188,9.4,10.15
738,36.994,50.77,0.2102,0.1163,0,0,0,0,1,9,0,147,30,2306,0,1000,144.0,139.0,177,8.85,9.69
739,37.039,45.1,0.2009,0.0981,0,0,0,0,1,9,0,135,33,2665,0,1000,293.0,65.0,165,8.25,9.19
740,37.09,51.39,0.2022,0.1088,0,0,0,0,1,9,0,122,36,3046,0,1000,473.0,17.0,152,7.6,8.63
741,37.131,41.23,0.2211,0.1066,0,0,0,0,1,9,0,109,41,3583,0,1000,557.0,6.0,139,6.95,8.04
742,37.185,53.68,0.2019,0.075,0,0,4198,1,1,9,0,96,43,3971,0,1000,666.0,7.0,126,6.3,7.43
743,37.232,46.83,0.196,0.0808,0,0,0,2,1,10,0,80,49,4432,0,1000,827.0,2.0,110,5.5,6.76
744,37.285,52.86,0.1965,0.0765,0,0,0,0,1,10,0,63,56,4811,0,1000,813.0,4.0,93,4.65,6.02
745,37.336,50.75,0.1835,0.0727,0,0,0,0,1,10,0,39,66,5099,0,1000,776.0,9.0,69,3.45,5.12
746,37.383,47.04,0.1876,0.0891,0,0,0,0,1,10,0,24,76,3979,0,1000,731.0,9.0,54,2.7,4.27
747,37.429,46.42,0.1871,0.0636,0,0,0,0,1,10,0,14,90,1831,0,1000,451.0,7.0,44,2.2,3.55
748,37.481,51.87,0.1641,0.078,0,0,0,0,1,10,0,160,0,75,-1,1000,118.0,1.0,0,0.0,2.31
749,37.525,43.66,0.1549,0.086,0,0,0,0,1,10,0,160,0,75,-1,1000,0.0,8.0,0,0.0,1.5
750,37.571,46.86,0.1499,0.076,0,0,432,0,1,10,0,160,0,75,-1,1000,0.0,10.0,0,0.0,0.97
751,37.614,42.31,0.1459,0.0785,0,0,442,0,1,10,0,160,0,75,-1,1000,0.0,4.0,0,0.0,0.63
752,37.661,46.95,0.1388,0.1184,0,0,455,0,1,10,0,160,0,75,-1,1000,2.0,2.0,0,0.0,0.41
753,37.709,48.38,0.1345,0.1052,0,0,513,0,1,10,0,160,0,75,-1,1000,11.0,7.0,0,0.0,0.27
754,37.756,47.1,0.1335,0.1562,0,0,590,0,1,10,0,160,0,75,-1,1000,10.0,4.0,0,0.0,0.17
755,37.808,52.06,0.1234,0.1599,0,0,633,0,1,10,0,160,0,75,-1,1000,8.0,4.0,0,0.0,0.11
756,37.855,47.15,0.1145,0.1609,0,0,807,0,1,10,0,160,0,75,-1,1000,8.0,1.0,0,0.0,0.07
757,37.91,54.68,0.1094,0.2069,0,0,886,1,1,10,0,160,0,75,-1,1000,0.0,2.0,0,0.0,0.05
758,37.957,46.81,0.1076,0.2831,0,0,1039,1,1,10,0,51,12,129,1,1000,11.0,4.0,-669.0,-33.45,-11.68
759,38.009,52.13,0.1023,0.3402,0,0,1104,1,1,10,0,160,0,75,-1,1000,9.0,2.0,0,-13.61,-12.35
760,38.059,49.72,0.1007,0.4498,0,0,1199,1,1,10,0,36,15,134,1,1000,8.0,1.0,-684.0,-17.99,-14.33
761,38.11,51.16,0.1036,0.4813,0,0,1141,1,1,10,0,192,29,289,1,1000,10.0,1.0,-528.0,-19.25,-16.05
762,38.158,48.58,0.097,0.4687,0,0,1280,1,1,10,0,35,14,142,1,1000,8.0,6.0,-685.0,-18.75,-17.0
763,38.208,49.62,0.0999,0.4582,0,0,1242,1,1,10,0,182,27,467,1,1000,12.0,2.0,-538.0,-18.33,-17.46
764,38.256,48.31,0.1059,0.4451,0,0,1302,1,1,10,0,38,15,146,1,1000,2.0,3.0,-682.0,-17.8,-17.58
765,38.324,67.91,0.1036,0.3548,0,0,1177,1,1,10,0,40,14,160,1,1000,10.0,2.0,-680.0,-14.19,-16.39
766,38.378,53.81,0.1148,0.2796,0,0,1268,1,1,10,0,44,14,160,1,1000,9.0,2.0,-676.0,-33.8,-22.49
767,38.434,56.06,0.1134,0.229,0,0,1153,1,1,10,0,46,14,176,1,1000,8.0,1.0,-674.0,-33.7,-26.41
768,38.48,46.13,0.1137,0.1998,0,0,1080,1,1,10,0,48,14,178,1,1000,12.0,5.0,-672.0,-33.6,-28.93
769,38.528,47.31,0.1249,0.2229,0,0,1082,1,1,10,0,56,13,182,1,1000,12.0,7.0,-664.0,-33.2,-30.42
770,38.573,45.55,0.1295,0.202,0,0,1096,1,1,10,0,66,12,186,1,1000,7.0,2.0,-654.0,-32.7,-31.22
771,38.624,50.57,0.1368,0.2299,0,0,874,1,1,10,0,77,11,208,1,1000,12.0,4.0,-643.0,-32.15,-31.55
772,38.67,46.09,0.1445,0.235,0,0,0,2,1,11,0,88,11,221,1,1000,4.0,32.0,-632.0,-31.6,-31.56
773,38.719,48.87,0.1372,0.2404,0,0,0,0,1,11,0,98,10,233,1,1000,0.0,16.0,-622.0,-31.1,-31.4
774,38.759,40.16,0.1288,0.2474,0,0,0,0,1,11,0,160,0,75,-1,1000,0.0,13.0,0,0.0,-20.41
775,38.807,48.38,0.1102,0.23,0,0,0,0,1,11,0,160,0,75,-1,1000,0.0,34.0,0,0.0,-13.27
776,38.856,49.21,0.1071,0.24,0,0,0,0,1,11,0,160,0,75,-1,1000,0.0,36.0,0,0.0,-8.62
777,38.903,46.41,0.0925,0.2194,0,0,0,0,1,11,0,160,0,75,-1,1000,0.0,41.0,0,0.0,-5.61
778,38.958,54.86,0.0895,0.2261,0,0,0,0,1,11,0,147,9,295,1,1000,0.0,10.0,-573.0,-28.65,-13.67
779,39.004,46.5,0.0732,0.2065,0,0,0,0,1,11,0,160,0,75,-1,1000,0.0,27.0,0,0.0,-8.89
780,39.053,49.09,0.067,0.1953,0,0,0,0,1,11,0,154,9,328,1,1000,0.0,29.0,-566.0,-28.3,-15.68
781,39.104,50.97,0.0674,0.1735,0,0,0,0,1,11,0,160,0,75,-1,1000,0.0,35.0,0,0.0,-10.19
782,39.155,51.21,0.078,0.192,0,0,0,0,1,11,0,161,10,360,1,1000,0.0,41.0,-559.0,-27.95,-16.41
783,39.209,53.84,0.0641,0.1614,0,0,0,0,1,11,0,160,0,75,-1,1000,0.0,43.0,0,0.0,-10.67
784,39.258,48.83,0.0684,0.1506,0,0,0,0,1,11,0,160,0,75,-1,1000,0.0,34.0,0,0.0,-6.93
785,39.309,51.36,0.0647,0.1295,0,0,0,0,1,11,0,160,0,75,-1,1000,0.0,43.0,0,0.0,-4.51
786,39.357,47.72,0.0691,0.1256,0,0,0,0,1,11,0,182,12,458,1,1000,0.0,39.0,-538.0,-26.9,-12.34
787,39.402,44.71,0.0649,0.1067,0,0,0,0,1,11,0,160,0,75,-1,1000,0.0,41.0,0,0.0,-8.02
788,39.454,52.09,0.0738,0.1008,0,0,0,0,1,11,1,191,13,522,1,1000,0.0,42.0,-529.0,-26.45,-14.47
789,39.501,46.85,0.0711,0.0932,0,0,0,0,1,11,1,196,14,554,1,1000,0.0,34.0,-524.0,-26.2,-18.58
790,39.546,45.18,0.0777,0.1012,0,0,0,0,1,11,1,202,15,595,1,1000,0.0,35.0,-518.0,-25.9,-21.14
791,39.589,43.42,0.08,0.1035,0,0,0,0,1,11,1,207,15,650,1,1000,0.0,47.0,-513.0,-25.65,-22.72
792,39.637,47.18,0.0729,0.0915,0,0,0,0,1,11,1,160,0,75,-1,1000,0.0,23.0,0,0.0,-14.77
793,39.681,44.11,0.0887,0.1065,0,0,0,0,1,11,1,160,0,75,-1,1000,0.0,8.0,0,0.0,-9.6
794,39.728,47.28,0.0823,0.0993,0,0,0,0,1,11,1,160,0,75,-1,1000,0.0,0.0,0,0.0,-6.24
795,39.776,47.85,0.0845,0.1088,0,0,0,0,1,11,1,250,20,819,1,1000,0.0,0.0,0,0.0,-4.06
796,39.832,56.51,0.0978,0.126,0,0,0,0,1,11,1,258,22,886,1,1000,1.0,1.0,0,0.0,-2.64
797,39.882,49.37,0.1145,0.1273,0,0,0,0,1,11,1,270,24,955,1,1000,0.0,0.0,0,0.0,-1.71
798,39.925,42.91,0.1205,0.1382,0,0,0,0,1,11,1,160,0,75,-1,1000,0.0,0.0,0,0.0,-1.11
799,39.968,43.81,0.1323,0.1388,0,0,0,0,1,11,1,283,28,1106,1,1000,0.0,0.0,0,0.0,-0.72
800,40.013,44.7,0.15,0.1367,0,0,0,0,1,11,1,287,29,1131,1,1000,1.0,0.0,0,0.0,-0.47
801,40.056,43.24,0.1617,0.1411,0,0,0,0,1,11,1,292,31,1181,1,1000,0.0,0.0,0,0.0,-0.31
802,40.1,43.94,0.1842,0.1512,0,0,0,0,1,11,1,298,34,1302,1,1000,0.0,0.0,0,0.0,-0.2
803,40.148,47.98,0.1924,0.1432,0,0,0,0,1,11,1,300,34,1277,1,1000,0.0,0.0,0,0.0,-0.13
804,40.204,55.43,0.2013,0.1479,0,0,0,0,1,11,1,304,37,1299,1,1000,0.0,0.0,0,0.0,-0.08
805,40.263,58.96,0.2408,0.1482,0,0,0,0,1,11,1,308,42,1070,1,1000,0.0,0.0,0,0.0,-0.05
806,40.311,48.76,0.2552,0.153,0,0,0,0,1,11,1,312,48,730,1,1000,0.0,0.0,0,0.0,-0.04
807,40.358,46.03,0.2618,0.1642,0,0,0,0,1,11,1,314,59,352,1,1000,0.0,0.0,0,0.0,-0.02
808,40.402,44.42,0.272,0.158,0,0,0,0,1,11,1,315,68,115,1,1000,0.0,0.0,0,0.0,-0.01
809,40.446,44.03,0.2923,0.1669,0,0,0,0,1,11,1,160,0,75,-1,1000,0.0,0.0,0,0.0,-0.01
810,40.493,46.92,0.2972,0.1755,0,0,0,0,1,11,1,160,0,75,-1,1000,0.0,0.0,0,0.0,-0.01
811,40.542,48.92,0.3145,0.1712,0,0,0,0,1,11,1,160,0,75,-1,1000,0.0,1.0,0,9.43,3.3
812,40.589,47.24,0.3336,0.1713,0,0,0,0,1,11,1,160,0,75,-1,1000,0.0,0.0,0,10.01,5.65
813,40.639,49.9,0.3434,0.1763,0,0,0,0,1,11,1,160,0,75,-1,1000,0.0,0.0,0,10.3,7.28
814,40.686,47.07,0.3542,0.1705,0,0,0,0,1,11,1,160,0,75,-1,1000,0.0,1.0,0,10.63,8.45
815,40.734,48.11,0.367,0.1795,0,0,0,0,1,11,1,160,0,75,-1,1000,0.0,0.0,0,11.01,9.34
816,40.775,40.9,0.3859,0.1798,0,0,0,0,1,11,1,160,0,75,-1,1000,0.0,0.0,0,11.58,10.13
817,40.819,43.65,0.39,0.1817,0,0,0,0,1,11,1,160,0,75,-1,1000,0.0,2.0,0,11.7,10.68
818,40.868,49.74,0.387,0.1736,0,0,0,0,1,11,1,160,0,75,-1,1000,0.0,1.0,0,11.61,11.0
819,40.909,40.09,0.394,0.1795,0,0,0,0,1,11,1,160,0,75,-1,1000,0.0,4.0,0,11.82,11.29
820,40.956,47.89,0.4099,0.181,0,0,226,0,1,11,1,160,0,75,-1,1000,0.0,16.0,0,12.3,11.64
821,41.001,44.79,0.4085,0.1776,0,0,0,0,1,11,1,160,0,75,-1,1000,0.0,19.0,0,12.26,11.86
822,41.043,41.47,0.4106,0.1767,0,0,292,0,1,11,1,160,0,75,-1,1000,0.0,23.0,0,12.32,12.02
823,41.095,52.09,0.4112,0.1777,0,0,342,0,1,11,1,160,0,75,-1,1000,0.0,14.0,0,12.34,12.13
824,41.138,43.37,0.4014,0.1695,0,0,377,0,1,11,1,160,0,75,-1,1000,0.0,39.0,0,12.04,12.1
825,41.197,58.94,0.3993,0.1781,0,0,461,0,1,11,1,160,0,75,-1,1000,0.0,28.0,0,11.98,12.06
826,41.236,38.75,0.3962,0.1838,0,0,536,0,1,11,1,160,0,75,-1,1000,0.0,48.0,0,11.89,12.0
827,41.288,52.29,0.3827,0.1889,0,0,618,0,1,11,1,160,0,75,-1,1000,1.0,38.0,0,11.48,11.82
828,41.332,43.97,0.3674,0.1875,0,0,759,0,1,11,1,160,0,75,-1,1000,0.0,52.0,0,11.02,11.54
829,41.381,48.99,0.3631,0.1928,0,0,862,1,1,11,1,160,0,75,-1,1000,4.0,35.0,0,10.89,11.31
830,41.424,42.75,0.3611,0.1888,0,0,1051,1,1,11,1,160,0,75,-1,1000,1.0,34.0,0,10.83,11.14
831,41.474,50.63,0.3468,0.1915,0,0,1257,1,1,11,1,160,0,75,-1,1000,2.0,46.0,0,10.4,10.88
832,41.516,41.27,0.3386,0.1897,0,0,1465,1,1,11,1,160,0,75,-1,1000,9.0,61.0,0,10.16,10.63
833,41.561,45.55,0.3388,0.1879,0,0,1815,1,1,11,1,160,0,75,-1,1000,11.0,47.0,0,10.16,10.47
834,41.607,46.11,0.3309,0.1852,0,0,2096,1,1,11,1,160,0,75,-1,1000,25.0,129.0,0,9.93,10.28
835,41.65,42.96,0.3198,0.1794,0,0,2741,1,1,11,1,160,0,75,-1,1000,32.0,76.0,0,9.59,10.04
836,41.7,50.17,0.3076,0.1817,0,0,2916,1,1,11,1,160,0,75,-1,1000,58.0,182.0,0,9.23,9.76
837,41.747,46.12,0.3114,0.1833,0,0,1805,1,1,11,1,160,0,75,-1,1000,180.0,274.0,0,9.34,9.61
838,41.794,46.95,0.3193,0.1655,0,0,1622,1,1,11,1,160,0,75,-1,1000,228.0,20.0,0,9.58,9.6
839,41.841,47.22,0.3007,0.1614,0,0,1259,1,1,11,1,160,0,75,-1,1000,130.0,1.0,0,9.02,9.4
840,42.11,268.94,0.3011,0.157,0,0,0,2,1,12,1,160,0,75,-1,1000,61.0,2.0,0,0,6.11
841,42.159,49.53,0.2956,0.0619,535,0,0,0,1,12,1,285,22,419,2,1000,0.0,1.0,0,0,3.97
842,42.207,47.77,0.2852,0.0447,563,0,0,0,1,12,1,270,20,448,2,1000,0.0,4.0,0,0,2.58
843,42.252,44.79,0.2905,0.0424,717,0,0,0,1,12,1,160,0,75,-1,1000,0.0,2.0,0,0,1.68
844,42.294,41.75,0.2773,0.0456,942,1,0,0,1,12,1,160,0,75,-1,1000,0.0,0.0,0,0,1.09
845,42.339,45.47,0.282,0.0476,1145,1,0,0,1,12,1,160,0,75,-1,1000,0.0,2.0,0,0,0.71
846,42.386,47.44,0.2708,0.0441,1311,1,0,0,1,12,1,160,0,75,-1,1000,0.0,2.0,0,0,0.46
847,42.432,45.81,0.2652,0.0379,1537,1,0,0,1,12,1,160,0,75,-1,1000,0.0,3.0,0,0,0.3
848,42.475,42.96,0.2665,0.0293,1870,1,0,0,1,12,1,160,0,75,-1,1000,0.0,2.0,0,0,0.19
849,42.523,47.43,0.258,0.0369,2226,1,0,0,1,12,1,160,0,75,-1,1000,0.0,0.0,0,0,0.13
850,42.566,43.5,0.2567,0.0463,2647,1,0,0,1,12,1,160,0,75,-1,1000,0.0,6.0,0,0,0.08
851,42.617,50.58,0.2531,0.0546,3167,1,0,0,1,12,1,160,0,75,-1,1000,0.0,4.0,0,0,0.05
852,42.659,42.28,0.2404,0.0464,2399,1,0,0,1,12,1,160,0,75,-1,1000,0.0,5.0,0,0,0.03
853,42.71,50.72,0.2384,0.0457,0,2,0,0,1,12,1,221,25,465,2,1000,0.0,4.0,0,0,0.02
854,42.753,43.27,0.2348,0.053,0,0,0,0,1,12,1,160,0,75,-1,1000,0.0,9.0,0,0,0.01
855,42.798,45.22,0.224,0.0597,0,0,0,0,1,12,1,160,0,75,-1,1000,0.0,4.0,0,0,0.01
856,42.839,40.35,0.2052,0.0517,0,0,0,0,1,12,1,160,0,75,-1,1000,0.0,15.0,0,0,0.01
857,42.882,43.82,0.1942,0.0573,0,0,0,0,1,12,1,160,0,75,-1,1000,0.0,6.0,0,0,0.0
858,42.929,46.98,0.2027,0.0688,0,0,0,0,1,12,1,189,46,699,2,1000,0.0,8.0,-531.0,0,0.0
859,42.972,43.07,0.1882,0.0645,0,0,0,0,1,12,1,176,52,1007,2,1000,0.0,3.0,-544.0,0,0.0
860,43.022,49.68,0.1891,0.0735,0,0,0,0,1,12,1,165,58,1877,2,1000,2.0,15.0,-553.89,0,0.0
861,43.072,50.13,0.1776,0.1008,0,0,0,0,1,12,1,154,57,2910,2,1000,3.0,9.0,-566.0,0,0.0
862,43.117,44.86,0.1662,0.1105,0,0,0,0,1,12,1,131,62,4420,2,1000,1.0,11.0,-560.42,0,0.0
863,43.16,42.53,0.1705,0.1181,0,0,9711,1,1,12,1,106,58,8481,2,1000,134.0,9.0,-612.89,0,0.0
864,43.207,47.68,0.1634,0.1379,0,0,11567,1,1,12,1,160,0,75,-1,1000,314.0,14.0,0,0,0.0
865,43.26,52.29,0.1975,0.1561,0,0,10380,1,1,12,1,160,0,75,-1,1000,1059.0,17.0,0,0,0.0
866,43.317,57.7,0.1739,0.1544,0,0,8080,1,1,12,1,160,0,75,-1,1000,1193.0,12.0,0,0,0.0
867,43.585,267.49,0.1925,0.1755,0,0,411,2,1,13,1,31,78,5485,2,1000,967.0,11.0,-550.55,0,0.0
868,43.629,44.67,0.0988,0.269,0,0,0,0,1,13,1,160,0,75,-1,1000,12.0,6.0,0,0,0.0
869,43.672,42.42,0.0836,0.3066,0,0,803,0,1,13,1,160,0,75,-1,1000,3.0,1.0,0,0,0.0
870,43.727,55.59,0.0909,0.3618,0,0,892,1,1,13,1,160,0,75,-1,1000,7.0,0.0,0,0,0.0
871,43.77,42.42,0.0919,0.3888,0,0,848,1,1,13,1,160,0,75,-1,1000,2.0,0.0,0,0,0.0
872,43.825,55.27,0.0967,0.4101,0,0,855,1,1,13,1,160,0,75,-1,1000,5.0,0.0,0,0,0.0
873,43.87,44.45,0.0945,0.4391,0,0,865,1,1,13,1,160,0,75,-1,1000,1.0,0.0,0,0,0.0
874,43.913,43.66,0.1009,0.4694,0,0,944,1,1,13,1,160,0,75,-1,1000,0.0,0.0,0,0,0.0
875,43.959,46.0,0.111,0.4958,0,0,921,1,1,13,1,160,0,75,-1,1000,0.0,0.0,0,0,0.0
876,44.0,40.47,0.1241,0.5394,0,0,990,1,1,13,1,45,12,114,1,1000,2.0,0.0,-675.0,0,0.0
877,44.045,45.06,0.127,0.5627,0,0,1008,1,1,13,1,41,13,122,1,1000,7.0,0.0,-679.0,0,0.0
878,44.088,43.0,0.1456,0.6029,0,0,1003,1,1,13,1,33,14,117,1,1000,5.0,0.0,-687.0,0,0.0
879,44.133,44.82,0.1554,0.651,0,0,1123,1,1,13,1,25,17,120,1,1000,1.0,0.0,-695.0,0,0.0
880,44.18,47.0,0.1657,0.6919,0,0,1191,1,1,13,1,19,17,120,1,1000,4.0,0.0,-701.0,45,35
881,44.228,48.61,0.1773,0.7502,0,0,1257,1,1,13,1,10,19,127,1,1000,5.0,0.0,-710.0,45,35
882,44.27,41.56,0.2021,0.8161,0,0,1434,1,1,13,1,3,22,105,1,1000,7.0,0.0,-717.0,45,35
883,44.317,47.12,0.2308,0.8924,0,0,1439,1,1,13,1,160,0,75,-1,1000,17.0,0.0,0,45,35
884,44.368,50.93,0.3345,1.0049,0,0,1823,1,1,13,1,84,32,184,1,1000,16.0,0.0,-636.0,45,35
885,44.413,45.1,0.4687,1.1009,0,0,2015,1,1,13,1,72,39,131,1,1000,14.0,0.0,-648.0,45,35
886,44.464,51.42,0.6602,1.1197,0,0,2393,1,1,13,1,160,0,75,-1,1000,1.0,0.0,0,45,35
887,44.511,46.5,0.7902,1.0777,0,0,2624,1,1,13,1,160,0,75,-1,1000,0.0,1.0,0,45,35
888,44.569,57.8,0.8393,0.999,0,0,1468,1,1,13,1,160,0,75,-1,1000,1.0,8.0,0,45,35
889,44.617,48.13,0.8769,0.8038,0,0,2917,1,1,13,1,160,0,75,-1,1000,0.0,5.0,0,45,35
890,44.667,50.38,0.8727,0.6211,0,0,2770,1,1,13,1,117,22,99,1,1000,1.0,47.0,-603.0,45,35
891,44.714,46.33,0.7677,0.4533,0,0,2191,1,1,13,1,160,0,75,-1,1000,4.0,32.0,0,-1.62,22.18
892,44.756,42.65,0.7843,0.2786,0,0,1971,1,1,13,1,160,0,75,-1,1000,48.0,11.0,0,-0.79,14.14
893,44.805,48.41,0.6188,0.0784,0,0,6273,1,1,13,1,295,29,423,1,1000,66.0,0.0,0,-9.06,6.02
894,44.854,49.82,0.3529,0.0529,0,0,6715,1,1,13,1,288,27,488,1,1000,49.0,0.0,0,-22.35,-3.91
895,44.9,45.8,0.2973,0.074,0,0,6698,1,1,13,1,288,28,503,1,1000,12.0,0.0,0,-25.14,-11.34
896,44.95,49.92,0.3195,0.0598,0,0,5096,1,1,13,1,282,26,567,1,1000,11.0,0.0,0,-24.02,-15.78
897,45.216,266.05,0.2715,0.0576,0,0,0,2,1,14,1,267,25,652,1,1000,14.0,1.0,0,-26.42,-19.5
898,45.261,45.12,0.1408,0.0538,0,0,0,0,1,14,1,265,25,733,1,1000,12.0,2.0,0,-32.96,-24.21
899,45.305,44.0,0.1248,0.057,0,0,0,0,1,14,1,257,24,734,1,1000,13.0,5.0,0,-33.76,-27.55
900,45.365,59.96,0.143,0.0493,0,0,0,0,1,14,1,246,23,765,1,1000,16.0,23.0,0,-32.85,-29.41
901,45.415,49.8,0.1512,0.0384,0,0,0,0,1,14,1,237,23,871,1,1000,12.0,16.0,0,-32.44,-30.47
902,45.464,48.8,0.1359,0.0512,0,0,0,0,1,14,1,243,23,881,1,1000,14.0,18.0,0,-33.21,-31.43
903,45.511,47.2,0.1534,0.0363,0,0,0,0,1,14,1,245,25,891,1,1000,20.0,16.0,0,-32.33,-31.74
904,45.558,47.09,0.1394,0.0381,0,0,0,0,1,14,1,247,23,920,1,1000,22.0,10.0,0,-33.03,-32.19
905,45.597,39.19,0.1412,0.0417,0,0,0,0,1,14,1,244,24,878,1,1000,21.0,19.0,0,-32.94,-32.46
906,45.641,43.93,0.1527,0.0446,0,0,0,0,1,14,1,246,24,877,1,1000,19.0,4.0,0,-32.36,-32.42
907,45.689,47.94,0.1442,0.0338,0,0,0,0,1,14,1,246,24,905,1,1000,12.0,39.0,0,-32.79,-32.55
908,45.729,40.0,0.1468,0.0524,0,0,0,0,1,14,1,246,24,897,1,1000,11.0,16.0,0,-32.66,-32.59
909,45.778,48.69,0.1487,0.0391,0,0,0,0,1,14,1,160,0,75,-1,1000,12.0,29.0,0,-32.57,-31.68
910,45.826,47.76,0.1435,0.035,0,0,0,0,1,14,1,246,24,894,1,1000,15.0,34.0,0,-32.82,-32.08
911,45.881,55.18,0.1437,0.0341,0,0,0,0,1,14,1,246,24,920,1,1000,15.0,21.0,0,-32.82,-32.34
912,45.925,44.36,0.1438,0.0323,0,0,0,0,1,14,1,246,24,918,1,1000,13.0,27.0,0,-32.81,-32.5
913,45.967,42.08,0.1443,0.0413,0,0,0,0,1,14,1,246,24,901,1,1000,19.0,9.0,0,-32.79,-32.6
914,46.008,40.74,0.1443,0.0409,0,0,0,0,1,14,1,246,24,887,1,1000,15.0,17.0,0,-32.79,-32.67
915,46.048,39.78,0.1447,0.0373,0,0,0,0,1,14,1,246,24,905,1,1000,18.0,10.0,0,-32.77,-32.7
916,46.095,46.83,0.1482,0.0392,0,0,0,0,1,14,1,246,24,899,1,1000,11.0,26.0,0,-32.59,-32.66
917,46.137,42.8,0.1427,0.0527,0,0,0,0,1,14,1,246,24,884,1,1000,15.0,23.0,0,-32.87,-32.73
918,46.18,42.58,0.151,0.0431,0,0,0,0,1,14,1,246,24,887,1,1000,14.0,17.0,0,-32.45,-32.63
919,46.232,51.96,0.1458,0.0386,0,0,0,0,1,14,1,160,0,75,-1,1000,12.0,23.0,0,-32.71,-31.71
920,46.278,45.56,0.1445,0.0363,0,0,0,0,1,14,1,246,24,913,1,1000,14.0,36.0,0,-32.77,-32.08
921,46.324,46.19,0.1441,0.0394,0,0,0,0,1,14,1,160,0,75,-1,1000,13.0,7.0,0,-32.79,-31.35
922,46.37,46.2,0.1474,0.0434,0,0,0,0,1,14,1,246,24,895,1,1000,24.0,13.0,0,-32.63,-31.8
923,46.412,42.16,0.1451,0.0425,0,0,0,0,1,14,1,246,24,883,1,1000,15.0,4.0,0,-32.75,-32.13
924,46.453,41.34,0.1416,0.0379,0,0,0,0,1,14,1,246,24,884,1,1000,10.0,0.0,0,-32.92,-32.41
925,46.5,46.26,0.1455,0.0354,0,0,0,0,1,14,1,246,24,895,1,1000,19.0,29.0,0,-32.72,-32.52
926,46.543,43.51,0.1417,0.0435,0,0,0,0,1,14,1,246,24,879,1,1000,22.0,13.0,0,-32.91,-32.66
927,46.592,49.2,0.1478,0.0407,0,0,0,0,1,14,1,246,24,887,1,1000,12.0,4.0,0,-32.61,-32.64
928,46.638,45.74,0.146,0.0434,0,0,0,0,1,14,1,246,24,900,1,1000,15.0,4.0,0,-32.7,-32.66
929,46.685,46.52,0.1466,0.043,0,0,0,0,1,14,1,246,24,893,1,1000,9.0,19.0,0,-32.67,-32.66
930,46.733,48.72,0.15,0.0358,0,0,0,0,1,14,1,246,24,899,1,1000,10.0,1.0,0,-32.5,-32.61
931,46.774,40.52,0.143,0.0399,0,0,0,0,1,14,1,246,24,896,1,1000,18.0,14.0,0,-32.85,-32.69
932,46.824,50.19,0.1438,0.0404,0,0,0,0,1,14,1,246,24,887,1,1000,25.0,4.0,0,-32.81,-32.73
933,46.866,42.34,0.1477,0.0341,0,0,0,0,1,14,1,246,24,878,1,1000,9.0,2.0,0,-32.62,-32.69
934,46.917,50.17,0.1455,0.0362,0,0,0,0,1,14,1,246,24,897,1,1000,13.0,15.0,0,-32.72,-32.7
935,46.963,46.79,0.142,0.0397,0,0,0,0,1,14,1,246,24,902,1,1000,10.0,6.0,0,-32.9,-32.77
936,47.011,47.79,0.1396,0.0416,0,0,0,0,1,14,1,246,24,878,1,1000,14.0,7.0,0,-33.02,-32.86
937,47.055,43.8,0.1457,0.0405,0,0,0,0,1,14,1,246,24,899,1,1000,11.0,21.0,0,-32.71,-32.81
938,47.107,52.18,0.1435,0.0351,0,0,0,0,1,14,1,246,24,902,1,1000,16.0,8.0,0,-32.82,-32.81
939,47.152,45.24,0.1404,0.0348,0,0,0,0,1,14,1,246,24,900,1,1000,16.0,5.0,0,-32.98,-32.87
940,47.195,42.62,0.1434,0.0316,0,0,0,0,1,14,1,246,24,882,1,1000,10.0,7.0,0,-32.83,-32.86
941,47.237,42.22,0.1479,0.046,0,0,0,0,1,14,1,246,24,897,1,1000,13.0,14.0,0,-32.61,-32.77
942,47.277,39.33,0.1423,0.0391,0,0,0,0,1,14,1,246,24,884,1,1000,11.0,7.0,0,-32.89,-32.81
943,47.322,45.62,0.1402,0.0414,0,0,0,0,1,14,1,246,24,866,1,1000,11.0,3.0,0,-32.99,-32.87
944,47.371,49.22,0.1426,0.0369,0,0,0,0,1,14,1,246,24,875,1,1000,9.0,5.0,0,-32.87,-32.87
945,47.422,50.61,0.1398,0.0437,0,0,0,0,1,14,1,246,24,883,1,1000,11.0,2.0,0,-33.01,-32.92
946,47.465,42.8,0.1445,0.0504,0,0,0,0,1,14,1,246,24,892,1,1000,11.0,14.0,0,-32.78,-32.87
947,47.51,44.97,0.1377,0.0363,0,0,0,0,1,14,1,246,24,873,1,1000,27.0,0.0,0,-33.12,-32.96
948,47.559,48.79,0.1398,0.0477,0,0,0,0,1,14,1,246,24,889,1,1000,15.0,0.0,0,-33.01,-32.98
949,47.603,44.65,0.1458,0.0326,0,0,0,0,1,14,1,246,25,881,1,1000,18.0,6.0,0,-32.71,-32.88
950,47.645,41.4,0.1441,0.0454,0,0,0,0,1,14,1,246,24,911,1,1000,9.0,1.0,0,-32.79,-32.85
951,47.689,44.7,0.1443,0.0495,0,0,0,0,1,14,1,246,24,851,1,1000,14.0,10.0,0,-32.79,-32.83
952,47.738,48.77,0.1398,0.044,0,0,0,0,1,14,1,246,24,868,1,1000,11.0,1.0,0,-33.01,-32.89
953,47.781,42.96,0.1464,0.043,0,0,0,0,1,14,1,246,24,864,1,1000,20.0,2.0,0,-32.68,-32.82
