cycle,t_s,dt_ms,left_wall,right_wall,blue_px,blue_state,orange_px,orange_state,direction,quadrant,dir_raw,dir_clamped,dir_servo
1,0.017,0.0,0.212,0.1902,3,0,86,0,0,0,0.0,0.0,0.0
2,0.057,39.1,0.2351,0.2046,6,0,103,0,0,0,0.0,0.0,0.0
3,0.104,47.47,0.2307,0.2055,11,0,85,0,0,0,0.0,0.0,0.0
4,0.142,37.98,0.2455,0.2284,8,0,101,0,0,0,0.0,0.0,0.0
5,0.178,36.38,0.2266,0.2028,11,0,126,0,0,0,0.0,0.0,0.0
6,0.221,42.78,0.2176,0.2174,19,0,67,0,0,0,0.0,0.0,0.0
7,0.271,49.87,0.2308,0.2229,4,0,89,0,0,0,0.0,0.0,0.0
8,0.311,40.39,0.2278,0.2166,9,0,82,0,0,0,0.0,0.0,0.0
9,0.349,38.1,0.2069,0.2203,11,0,86,0,0,0,0.0,0.0,0.0
10,0.392,42.88,0.2129,0.228,10,0,77,0,0,0,0.0,0.0,0.0
11,0.438,45.74,0.2002,0.2209,7,0,77,0,0,0,0.0,0.0,0.0
12,0.483,44.82,0.199,0.2225,7,0,54,0,0,0,0.0,0.0,0.0
13,0.527,43.77,0.1832,0.2281,13,0,70,0,0,0,0.0,0.0,0.0
14,0.565,38.82,0.2008,0.2563,9,0,70,0,0,0,0.0,0.0,0.0
15,0.618,52.24,0.185,0.2552,7,0,58,0,0,0,0.0,0.0,0.0
16,0.664,45.89,0.1841,0.2514,15,0,98,0,0,0,0.0,0.0,0.0
17,0.705,41.82,0.1851,0.2697,6,0,68,0,0,0,0.0,0.0,0.0
18,0.752,46.42,0.1698,0.2559,7,0,61,0,0,0,0.0,0.0,0.0
19,0.798,45.84,0.1919,0.2627,4,0,55,0,0,0,0.0,0.0,0.0
20,0.841,43.79,0.1485,0.2698,13,0,94,0,0,0,0.0,0.0,0.0
21,0.896,54.94,0.1542,0.2904,8,0,39,0,0,0,0.0,0.0,0.0
22,0.956,59.92,0.1533,0.313,13,0,38,0,0,0,0.0,0.0,0.0
23,0.991,35.09,0.1532,0.3152,1,0,35,0,0,0,0.0,0.0,0.0
24,1.034,42.93,0.1508,0.3077,0,0,56,0,0,0,0.0,0.0,0.0
25,1.08,45.76,0.141,0.337,1,0,38,0,0,0,0.0,0.0,0.0
26,1.12,39.56,0.1505,0.3626,0,0,102,0,0,0,0.0,0.0,0.0
27,1.178,58.42,0.1518,0.3733,4,0,67,0,0,0,0.0,0.0,0.0
28,1.214,36.0,0.1573,0.3779,2,0,53,0,0,0,0.0,0.0,0.0
29,1.253,38.94,0.1586,0.3664,3,0,53,0,0,0,0.0,0.0,0.0
30,1.292,38.75,0.1602,0.3559,4,0,39,0,0,0,0.0,0.0,0.0
31,1.331,38.99,0.1592,0.3661,1,0,43,0,0,0,0.0,0.0,0.0
32,1.372,40.99,0.1591,0.3695,0,0,73,0,0,0,0.0,0.0,0.0
33,1.42,48.71,0.1534,0.3773,1,0,55,0,0,0,0.0,0.0,0.0
34,1.468,47.87,0.1595,0.4031,0,0,71,0,0,0,0.0,0.0,0.0
35,1.513,44.43,0.1659,0.4311,0,0,70,0,0,0,0.0,0.0,0.0
36,1.553,40.16,0.1744,0.4592,0,0,57,0,0,0,0.0,0.0,0.0
37,1.592,39.24,0.1795,0.4559,0,0,75,0,0,0,0.0,0.0,0.0
38,1.63,37.41,0.1659,0.4573,0,0,94,0,0,0,0.0,0.0,0.0
39,1.667,37.44,0.1838,0.4801,3,0,62,0,0,0,0.0,0.0,0.0
40,1.711,43.55,0.1986,0.5095,2,0,66,0,0,0,-0.71,-0.71,-0.25
41,1.759,48.32,0.1945,0.5223,1,0,110,0,0,0,-1.67,-1.67,-0.75
42,1.804,45.06,0.2282,0.5934,1,0,48,0,0,0,-7.01,-7.01,-2.94
43,1.844,40.34,0.2395,0.6335,1,0,58,0,0,0,-10.01,-10.01,-5.41
44,1.889,44.38,0.2642,0.6887,2,0,60,0,0,0,-14.15,-14.15,-8.47
45,1.936,47.37,0.296,0.723,1,0,68,0,0,0,-16.73,-16.73,-11.36
46,1.981,44.61,0.3074,0.76,0,0,75,0,0,0,-19.5,-19.5,-14.21
47,2.03,49.57,0.3197,0.8039,0,0,109,0,0,0,-22.79,-20,-16.24
48,2.071,41.21,0.3469,0.8573,1,0,126,0,0,0,-26.8,-20,-17.55
49,2.115,43.25,0.3549,0.8841,1,0,133,0,0,0,-28.8,-20,-18.41
50,2.153,38.04,0.3439,0.9123,2,0,160,0,0,0,-30.92,-20,-18.97
51,2.193,39.95,0.368,0.9616,2,0,201,0,0,0,-34.62,-20,-19.33
52,2.233,40.56,0.3358,0.9806,4,0,220,0,0,0,-36.05,-20,-19.56
53,2.278,44.87,0.3223,0.9919,5,0,230,0,0,0,-36.89,-20,-19.72
54,2.322,43.45,0.3129,1.0306,15,0,222,0,0,0,-39.8,-20,-19.82
55,2.363,41.38,0.302,1.0536,18,0,268,0,0,0,-41.52,-20,-19.88
56,2.413,50.18,0.2744,1.0295,16,0,242,0,0,0,-39.71,-20,-19.92
57,2.455,41.74,0.2403,0.9945,25,0,154,0,0,0,-37.09,-20,-19.95
58,2.501,45.69,0.2188,0.9547,38,0,146,0,0,0,-34.1,-20,-19.97
59,2.54,38.98,0.2036,0.8839,50,0,114,0,0,0,-28.79,-20,-19.98
60,2.588,47.97,0.2033,0.8258,65,0,104,0,0,0,-24.43,-20,-19.99
61,2.634,46.87,0.2023,0.7508,96,0,105,0,0,0,-18.81,-18.81,-19.57
62,2.673,38.94,0.1935,0.6568,136,0,125,0,0,0,-11.76,-11.76,-16.84
63,2.721,47.69,0.187,0.6615,179,0,116,0,0,0,-12.11,-12.11,-15.18
64,2.766,44.81,0.1877,0.6141,186,0,125,0,0,0,-8.55,-8.55,-12.86
65,2.819,52.69,0.2003,0.5759,252,0,182,0,0,0,-5.69,-5.69,-10.35
66,2.859,40.57,0.1978,0.5209,295,0,184,0,0,0,-1.56,-1.56,-7.28
67,2.905,46.39,0.1908,0.4704,344,0,184,0,0,0,0.0,0.0,-4.73
68,2.954,48.97,0.1863,0.4084,450,0,119,0,0,0,0.0,0.0,-3.07
69,3.001,46.78,0.1929,0.4301,521,0,170,0,0,0,0.0,0.0,-2.0
70,3.046,44.68,0.2063,0.447,581,0,200,0,0,0,0.0,0.0,-1.3
71,3.089,43.24,0.2,0.4273,696,0,170,0,0,0,0.0,0.0,-0.84
72,3.127,37.76,0.2146,0.4263,760,0,144,0,0,0,0.0,0.0,-0.55
73,3.169,42.2,0.2216,0.4372,858,1,154,0,-1,0,-16.74,-16.74,-6.22
74,3.213,43.94,0.2248,0.4472,959,1,157,0,-1,0,-17.49,-17.49,-10.16
75,3.262,48.87,0.2355,0.4666,1111,1,168,0,-1,0,-18.94,-18.94,-13.23
76,3.31,48.36,0.2455,0.4958,1294,1,133,0,-1,0,-21.13,-20,-15.6
77,3.353,42.96,0.2562,0.5022,1449,1,166,0,-1,0,-21.61,-20,-17.14
78,3.391,38.11,0.2527,0.4868,1769,1,166,0,-1,0,-20.46,-20,-18.14
79,3.448,57.07,0.2574,0.4872,2037,1,166,0,-1,0,-20.49,-20,-18.79
80,3.49,42.07,0.2525,0.4527,2703,1,123,0,-1,0,-17.91,-17.91,-18.48
81,3.529,38.92,0.2522,0.4395,3061,1,93,0,-1,0,-16.91,-16.91,-17.93
82,3.573,44.04,0.2526,0.4395,2973,1,88,0,-1,0,-16.91,-16.91,-17.57
83,3.615,41.21,0.2542,0.4291,1698,1,69,0,-1,0,-16.14,-16.14,-17.07
84,3.672,57.41,0.2504,0.4071,1293,1,46,0,-1,0,-14.48,-14.48,-16.17
85,3.711,39.26,0.2291,0.3951,689,2,60,0,-1,1,-13.58,-13.58,-15.26
86,3.758,46.75,0.257,0.4128,602,0,49,0,-1,1,-14.91,-14.91,-15.14
87,3.802,43.73,0.2689,0.4102,187,0,25,0,-1,1,-14.71,-14.71,-14.99
88,3.849,47.67,0.2697,0.394,0,0,72,0,-1,1,-13.5,-13.5,-14.47
89,3.888,38.06,0.2509,0.3952,1,0,90,0,-1,1,-13.59,-13.59,-14.16
90,3.925,37.82,0.2463,0.3757,2,0,121,0,-1,1,-12.13,-12.13,-13.45
91,3.966,40.71,0.2338,0.3846,0,0,131,0,-1,1,-12.8,-12.8,-13.22
92,4.009,43.06,0.2401,0.3966,0,0,168,0,-1,1,-13.7,-13.7,-13.39
93,4.052,42.72,0.2328,0.4035,0,0,215,0,-1,1,-14.21,-14.21,-13.68
94,4.109,57.31,0.2241,0.4083,0,0,272,0,-1,1,-14.57,-14.57,-13.99
95,4.15,41.09,0.2193,0.4204,0,0,350,0,-1,1,-15.48,-15.48,-14.51
96,4.192,41.55,0.2106,0.4313,0,0,441,0,-1,1,-16.3,-16.3,-15.14
97,4.244,52.19,0.1966,0.4295,0,0,519,0,-1,1,-16.16,-16.16,-15.49
98,4.299,55.19,0.2141,0.456,0,0,645,0,-1,1,-18.15,-18.15,-16.42
99,4.333,34.13,0.2171,0.4702,0,0,766,0,-1,1,-19.22,-19.22,-17.4
100,4.372,38.71,0.2073,0.4673,1,0,868,0,-1,1,-19.0,-19.0,-17.96
101,4.42,47.77,0.1999,0.4815,0,0,1066,1,-1,1,-20.06,-20,-18.68
102,4.46,40.64,0.1847,0.4843,0,0,1207,1,-1,1,-20.27,-20,-19.14
103,4.499,38.24,0.1741,0.4785,0,0,1533,1,-1,1,-19.84,-19.84,-19.38
104,4.54,40.91,0.154,0.4687,2,0,1916,1,-1,1,-19.1,-19.1,-19.28
105,4.589,49.17,0.1492,0.4642,2,0,2182,1,-1,1,-18.77,-18.77,-19.1
106,4.635,46.65,0.1513,0.4502,7,0,2621,1,-1,1,-17.71,-17.71,-18.62
107,4.677,41.18,0.1498,0.4764,2,0,3146,1,-1,1,-19.68,-19.68,-18.99
108,4.719,42.11,0.1666,0.4952,0,0,3718,1,-1,1,-21.09,-20,-19.34
109,4.763,44.45,0.1645,0.5052,0,0,3489,1,-1,1,-21.84,-20,-19.57
110,4.829,65.56,0.1567,0.51,1,0,1548,1,-1,1,-22.2,-20,-19.72
111,4.864,35.36,0.1302,0.4866,3,0,503,2,-1,1,-20.44,-20,-19.82
112,4.913,49.17,0.1445,0.4854,3,0,323,0,-1,1,-20.35,-20,-19.88
113,4.958,44.41,0.1302,0.4505,3,0,108,0,-1,1,-17.74,-17.74,-19.13
114,5.001,43.27,0.1379,0.4397,1,0,92,0,-1,1,-16.93,-16.93,-18.36
115,5.06,58.81,0.133,0.3864,1,0,82,0,-1,1,-12.93,-12.93,-16.46
116,5.097,37.14,0.1599,0.3377,4,0,89,0,-1,1,-9.28,-9.28,-13.95
117,5.138,41.57,0.1541,0.281,0,0,167,0,-1,1,-5.03,-5.03,-10.82
118,5.179,40.28,0.1734,0.2441,7,0,281,0,-1,1,-2.26,-2.26,-7.83
119,5.229,50.06,0.1671,0.2243,15,0,395,0,-1,1,-0.77,-0.77,-5.36
120,5.287,58.0,0.1777,0.2127,5,0,205,0,-1,1,0.1,0.1,-3.45
121,5.328,41.54,0.1943,0.2002,6,0,151,0,-1,1,1.03,1.03,-1.88
122,5.37,41.8,0.191,0.1895,8,0,136,0,-1,1,1.84,1.84,-0.58
123,5.414,43.77,0.1977,0.1996,10,0,109,0,-1,1,1.08,1.08,0.0
124,5.464,50.29,0.2274,0.2059,2,0,120,0,-1,1,0.6,0.6,0.21
125,5.514,49.94,0.2276,0.1818,7,0,201,0,-1,1,2.42,2.42,0.98
126,5.555,41.01,0.2242,0.1622,2,0,246,0,-1,1,3.89,3.89,2.0
127,5.603,48.22,0.2226,0.1597,9,0,293,0,-1,1,4.07,4.07,2.73
128,5.644,40.7,0.2251,0.158,11,0,277,0,-1,1,4.2,4.2,3.24
129,5.684,40.32,0.2463,0.1666,10,0,201,0,-1,1,3.55,3.55,3.35
130,5.729,44.88,0.2639,0.1697,15,0,70,0,-1,1,3.32,3.32,3.34
131,5.784,54.94,0.2584,0.178,9,0,99,0,-1,1,2.7,2.7,3.12
132,5.822,38.19,0.2449,0.1679,14,0,80,0,-1,1,3.46,3.46,3.24
133,5.866,43.67,0.2474,0.181,11,0,85,0,-1,1,2.47,2.47,2.97
134,5.91,44.4,0.2295,0.21,7,0,70,0,-1,1,0.3,0.3,2.04
135,5.954,43.16,0.2155,0.2288,17,0,65,0,-1,1,-1.11,-1.11,0.94
136,6.0,46.31,0.2077,0.2346,21,0,86,0,-1,1,-1.55,-1.55,0.07
137,6.046,46.16,0.199,0.2491,13,0,90,0,-1,1,-2.63,-2.63,-0.88
138,6.087,41.22,0.2154,0.2544,9,0,100,0,-1,1,-3.03,-3.03,-1.63
139,6.143,55.59,0.1988,0.2452,9,0,88,0,-1,1,-2.34,-2.34,-1.88
140,6.183,40.25,0.2012,0.2574,2,0,54,0,-1,1,-3.26,-3.26,-2.36
141,6.228,45.34,0.2102,0.2464,4,0,113,0,-1,1,-2.43,-2.43,-2.38
142,6.282,53.15,0.1878,0.2229,7,0,92,0,-1,1,-0.67,-0.67,-1.78
143,6.32,38.22,0.1963,0.2356,4,0,103,0,-1,1,-1.62,-1.62,-1.73
144,6.364,44.01,0.1941,0.2378,10,0,50,0,-1,1,-1.79,-1.79,-1.75
145,6.409,45.57,0.1913,0.2326,13,0,51,0,-1,1,-1.39,-1.39,-1.62
146,6.457,47.85,0.2033,0.2256,6,0,87,0,-1,1,-0.87,-0.87,-1.36
147,6.5,42.69,0.1984,0.2269,15,0,63,0,-1,1,-0.97,-0.97,-1.22
148,6.547,47.59,0.1964,0.2343,13,0,55,0,-1,1,-1.52,-1.52,-1.33
149,6.589,41.08,0.186,0.2352,22,0,45,0,-1,1,-1.59,-1.59,-1.42
150,6.63,41.54,0.189,0.2334,9,0,71,0,-1,1,-1.46,-1.46,-1.43
151,6.672,41.61,0.1789,0.2449,2,0,77,0,-1,1,-2.32,-2.32,-1.74
152,6.717,45.35,0.1763,0.2652,20,0,55,0,-1,1,-3.84,-3.84,-2.48
153,6.765,47.9,0.162,0.2759,15,0,63,0,-1,1,-4.64,-4.64,-3.23
154,6.809,43.87,0.1701,0.262,6,0,73,0,-1,1,-3.6,-3.6,-3.36
155,6.862,52.76,0.1864,0.2322,2,0,74,0,-1,1,-1.36,-1.36,-2.66
156,6.899,37.22,0.1934,0.2309,11,0,52,0,-1,1,-1.27,-1.27,-2.18
157,6.939,40.37,0.2055,0.2367,15,0,79,0,-1,1,-1.7,-1.7,-2.01
158,6.993,53.49,0.1992,0.2284,3,0,87,0,-1,1,-1.08,-1.08,-1.68
159,7.038,45.41,0.2002,0.2276,7,0,58,0,-1,1,-1.02,-1.02,-1.45
160,7.084,46.28,0.1835,0.2323,9,0,69,0,-1,1,-1.37,-1.37,-1.42
161,7.139,54.22,0.1815,0.2541,15,0,98,0,-1,1,-3.01,-3.01,-1.98
162,7.176,37.44,0.1834,0.2648,14,0,99,0,-1,1,-3.81,-3.81,-2.62
163,7.225,48.65,0.1791,0.2741,20,0,96,0,-1,1,-4.51,-4.51,-3.28
164,7.271,46.6,0.1713,0.2819,17,0,72,0,-1,1,-5.09,-5.09,-3.91
165,7.323,52.0,0.1809,0.2955,32,0,47,0,-1,1,-6.11,-6.11,-4.68
166,7.363,40.16,0.1788,0.2888,20,0,29,0,-1,1,-5.61,-5.61,-5.01
167,7.404,40.85,0.1766,0.2837,14,0,38,0,-1,1,-5.23,-5.23,-5.08
168,7.456,51.28,0.1777,0.2808,30,0,44,0,-1,1,-5.01,-5.01,-5.06
169,7.504,47.96,0.1774,0.2787,25,0,35,0,-1,1,-4.85,-4.85,-4.99
170,7.548,44.43,0.1838,0.262,19,0,57,0,-1,1,-3.6,-3.6,-4.5
171,7.596,48.12,0.1826,0.2556,12,0,57,0,-1,1,-3.12,-3.12,-4.02
172,7.642,46.1,0.1833,0.2527,12,0,42,0,-1,1,-2.91,-2.91,-3.63
173,7.684,41.68,0.1674,0.2638,22,0,44,0,-1,1,-3.74,-3.74,-3.67
174,7.733,49.08,0.1705,0.2717,10,0,40,0,-1,1,-4.33,-4.33,-3.9
175,7.775,42.42,0.1787,0.292,14,0,49,0,-1,1,-5.85,-5.85,-4.58
176,7.828,52.73,0.1648,0.2745,12,0,44,0,-1,1,-4.53,-4.53,-4.56
177,7.866,37.85,0.1605,0.2738,17,0,31,0,-1,1,-4.49,-4.49,-4.54
178,7.904,38.16,0.1629,0.2584,24,0,35,0,-1,1,-3.33,-3.33,-4.11
179,7.956,52.19,0.1745,0.2699,33,0,44,0,-1,1,-4.19,-4.19,-4.14
180,8.007,50.64,0.1696,0.2637,29,0,42,0,-1,1,-3.73,-3.73,-4.0
181,8.048,41.55,0.1694,0.2584,62,0,35,0,-1,1,-3.33,-3.33,-3.76
182,8.09,41.78,0.1662,0.2535,67,0,28,0,-1,1,-2.96,-2.96,-3.48
183,8.132,41.31,0.1652,0.25,88,0,42,0,-1,1,-2.7,-2.7,-3.21
184,8.176,44.08,0.1621,0.2496,121,0,35,0,-1,1,-2.67,-2.67,-3.02
185,8.214,38.08,0.1615,0.253,159,0,51,0,-1,1,-2.93,-2.93,-2.99
186,8.255,41.75,0.1699,0.2487,200,0,51,0,-1,1,-2.61,-2.61,-2.85
187,8.294,38.86,0.168,0.2464,243,0,30,0,-1,1,-2.43,-2.43,-2.71
188,8.336,41.85,0.1638,0.2387,311,0,61,0,-1,1,-1.85,-1.85,-2.41
189,8.381,45.13,0.178,0.2473,357,0,61,0,-1,1,-2.5,-2.5,-2.44
190,8.431,49.7,0.168,0.2335,436,0,61,0,-1,1,-1.46,-1.46,-2.1
191,8.476,45.39,0.1585,0.2358,561,0,79,0,-1,1,-1.63,-1.63,-1.94
192,8.527,50.65,0.1573,0.2341,678,0,86,0,-1,1,-1.51,-1.51,-1.79
193,8.569,42.04,0.1598,0.2279,857,1,118,0,-1,1,-1.04,-1.04,-1.53
194,8.612,42.89,0.1634,0.2309,1020,1,126,0,-1,1,-1.26,-1.26,-1.43
195,8.656,44.0,0.17,0.2348,1242,1,197,0,-1,1,-1.56,-1.56,-1.48
196,8.7,44.01,0.1798,0.2394,1542,1,182,0,-1,1,-1.9,-1.9,-1.63
197,8.744,43.57,0.1705,0.2325,1688,1,185,0,-1,1,-1.39,-1.39,-1.54
198,8.787,43.02,0.1748,0.238,2031,1,248,0,-1,1,-1.8,-1.8,-1.63
199,8.831,44.69,0.1866,0.2527,2479,1,288,0,-1,1,-2.91,-2.91,-2.08
200,8.887,55.52,0.1885,0.2524,2818,1,278,0,-1,1,-2.88,-2.88,-2.36
201,8.922,35.25,0.1955,0.2621,3512,1,363,0,-1,1,-3.61,-3.61,-2.8
202,8.962,39.67,0.1846,0.2613,2450,1,395,0,-1,1,-3.55,-3.55,-3.06
203,9.001,39.08,0.1889,0.2607,1380,1,445,0,-1,1,-3.5,-3.5,-3.22
204,9.046,45.03,0.195,0.2658,723,2,509,0,-1,2,-3.88,-3.88,-3.45
205,9.086,40.23,0.1854,0.2581,348,0,564,0,-1,2,-3.31,-3.31,-3.4
206,9.141,55.3,0.2016,0.279,352,0,552,0,-1,2,-4.87,-4.87,-3.92
207,9.189,47.46,0.2266,0.2794,222,0,555,0,-1,2,-4.9,-4.9,-4.26
208,9.235,46.26,0.2309,0.2841,59,0,579,0,-1,2,-5.25,-5.25,-4.61
209,9.275,40.04,0.2491,0.2859,0,0,578,0,-1,2,-5.39,-5.39,-4.88
210,9.315,40.26,0.2487,0.2975,0,0,678,0,-1,2,-6.26,-6.26,-5.37
211,9.36,44.46,0.2493,0.2894,0,0,760,0,-1,2,-5.65,-5.65,-5.47
212,9.416,56.25,0.2497,0.2936,0,0,842,0,-1,2,-5.97,-5.97,-5.64
213,9.453,37.1,0.2617,0.3094,0,0,964,1,-1,2,-7.15,-7.15,-6.17
214,9.493,40.02,0.2707,0.3101,0,0,1079,1,-1,2,-7.21,-7.21,-6.53
215,9.534,40.97,0.2913,0.3335,0,0,1141,1,-1,2,-8.96,-8.96,-7.38
216,9.576,41.96,0.2916,0.3206,0,0,1186,1,-1,2,-8.0,-8.0,-7.6
217,9.629,52.5,0.2903,0.3302,0,0,1294,1,-1,2,-8.72,-8.72,-7.99
218,9.673,44.68,0.333,0.3544,0,0,1472,1,-1,2,-10.53,-10.53,-8.88
219,9.717,43.74,0.3197,0.3635,1,0,1816,1,-1,2,-11.21,-11.21,-9.7
220,9.758,40.58,0.3431,0.3682,0,0,1869,1,-1,2,-11.57,-11.57,-10.35
221,9.802,44.2,0.3741,0.3883,0,0,1905,1,-1,2,-13.07,-13.07,-11.3
222,9.847,44.85,0.3704,0.3895,1,0,2000,1,-1,2,-13.16,-13.16,-11.95
223,9.883,36.43,0.3801,0.4064,0,0,1985,1,-1,2,-14.43,-14.43,-12.82
224,9.925,42.09,0.3946,0.4306,0,0,1952,1,-1,2,-16.25,-16.25,-14.02
225,9.968,42.97,0.4016,0.442,0,0,1932,1,-1,2,-17.1,-17.1,-15.1
226,10.013,44.81,0.4166,0.4688,0,0,1879,1,-1,2,-19.11,-19.11,-16.5
227,10.061,47.97,0.4361,0.4933,0,0,1803,1,-1,2,-20.95,-20,-17.73
228,10.112,50.85,0.4218,0.5395,0,0,1704,1,-1,2,-24.41,-20,-18.52
229,10.153,41.48,0.4183,0.5692,0,0,1538,1,-1,2,-26.64,-20,-19.04
230,10.201,47.49,0.3922,0.6001,0,0,1276,1,-1,2,-28.96,-20,-19.38
231,10.243,41.84,0.3695,0.6257,0,0,959,1,-1,2,-30.88,-20,-19.59
232,10.296,53.09,0.3601,0.6386,0,0,560,2,-1,2,-31.84,-20,-19.74
233,10.337,41.04,0.3386,0.6613,0,0,55,0,-1,2,-33.54,-20,-19.83
234,10.383,46.57,0.3173,0.6852,1,0,73,0,-1,2,-35.34,-20,-19.89
235,10.425,41.24,0.3113,0.7016,0,0,62,0,-1,2,-36.57,-20,-19.93
236,10.472,47.18,0.3109,0.7307,0,0,91,0,-1,2,-38.75,-20,-19.95
237,10.52,48.03,0.2905,0.74,1,0,81,0,-1,2,-39.45,-20,-19.97
238,10.562,42.03,0.2595,0.7496,0,0,77,0,-1,2,-40.17,-20,-19.98
239,10.611,49.25,0.2457,0.7456,0,0,115,0,-1,2,-39.87,-20,-19.99
240,10.659,47.69,0.2084,0.7261,0,0,78,0,-1,2,-38.41,-20,-19.99
241,10.699,40.36,0.1942,0.7309,0,0,80,0,-1,2,-38.77,-20,-19.99
242,10.743,44.38,0.2013,0.7399,0,0,108,0,-1,2,-39.44,-20,-20.0
243,10.787,43.79,0.1663,0.7113,2,0,185,0,-1,2,-37.29,-20,-20.0
244,10.837,49.59,0.1531,0.6747,2,0,241,0,-1,2,-34.55,-20,-20.0
245,10.879,41.94,0.1344,0.6344,2,0,209,0,-1,2,-31.53,-20,-20.0
246,10.92,40.98,0.1346,0.6212,2,0,205,0,-1,2,-30.54,-20,-20.0
247,10.965,45.34,0.1391,0.5777,3,0,146,0,-1,2,-27.28,-20,-20.0
248,11.018,52.65,0.1441,0.5362,2,0,139,0,-1,2,-24.16,-20,-20.0
249,11.054,36.31,0.1555,0.4765,0,0,130,0,-1,2,-19.69,-19.69,-19.89
250,11.095,41.08,0.1711,0.4369,5,0,110,0,-1,2,-16.72,-16.72,-18.78
251,11.135,39.81,0.1723,0.3811,2,0,77,0,-1,2,-12.53,-12.53,-16.59
252,11.177,42.01,0.1802,0.3312,3,0,61,0,-1,2,-8.79,-8.79,-13.86
253,11.226,48.74,0.164,0.2632,0,0,69,0,-1,2,-3.69,-3.69,-10.3
254,11.281,55.67,0.1834,0.2282,2,0,51,0,-1,2,-1.07,-1.07,-7.07
255,11.32,38.3,0.2148,0.2138,0,0,67,0,-1,2,0.01,0.01,-4.59
256,11.358,38.42,0.2102,0.1835,0,0,57,0,-1,2,2.29,2.29,-2.18
257,11.4,41.57,0.2246,0.1638,2,0,71,0,-1,2,3.77,3.77,-0.1
258,11.449,49.73,0.2525,0.1688,6,0,58,0,-1,2,3.39,3.39,1.12
259,11.493,43.26,0.2729,0.1337,9,0,68,0,-1,2,6.02,6.02,2.84
260,11.54,47.14,0.2805,0.1375,4,0,53,0,-1,2,5.74,5.74,3.85
261,11.579,39.44,0.2719,0.1154,0,0,80,0,-1,2,7.4,7.4,5.09
262,11.615,35.83,0.284,0.1192,5,0,75,0,-1,2,7.11,7.11,5.8
263,11.653,37.55,0.2909,0.1234,2,0,64,0,-1,2,6.79,6.79,6.15
264,11.704,51.67,0.2916,0.1245,5,0,45,0,-1,2,6.72,6.72,6.35
265,11.743,39.16,0.2838,0.1241,1,0,102,0,-1,2,6.74,6.74,6.48
266,11.797,53.09,0.2866,0.1291,0,0,58,0,-1,2,6.36,6.36,6.44
267,11.841,44.23,0.2634,0.1348,0,0,61,0,-1,2,5.94,5.94,6.27
268,11.892,51.06,0.2391,0.1529,0,0,87,0,-1,2,4.58,4.58,5.68
269,11.932,40.46,0.2365,0.1681,5,0,65,0,-1,2,3.44,3.44,4.89
270,11.978,46.07,0.2516,0.178,0,0,80,0,-1,2,2.7,2.7,4.13
271,12.024,45.45,0.2324,0.1916,4,0,82,0,-1,2,1.68,1.68,3.27
272,12.063,39.57,0.2222,0.2054,1,0,52,0,-1,2,0.65,0.65,2.35
273,12.105,41.87,0.2099,0.2139,3,0,59,0,-1,2,0.01,0.01,1.53
274,12.145,40.01,0.2021,0.2232,5,0,78,0,-1,2,-0.69,-0.69,0.75
275,12.188,42.46,0.2038,0.2372,2,0,117,0,-1,2,-1.74,-1.74,-0.12
276,12.238,50.07,0.194,0.2352,1,0,83,0,-1,2,-1.59,-1.59,-0.63
277,12.274,35.84,0.1886,0.2516,0,0,75,0,-1,2,-2.82,-2.82,-1.4
278,12.318,44.25,0.1943,0.2412,2,0,76,0,-1,2,-2.04,-2.04,-1.62
279,12.368,49.76,0.197,0.2453,3,0,96,0,-1,2,-2.35,-2.35,-1.88
280,12.414,46.24,0.199,0.242,9,0,103,0,-1,2,-2.1,-2.1,-1.95
281,12.461,47.15,0.2002,0.2448,5,0,87,0,-1,2,-2.31,-2.31,-2.08
282,12.502,40.97,0.2005,0.2385,4,0,77,0,-1,2,-1.84,-1.84,-1.99
283,12.557,55.01,0.1954,0.2313,5,0,78,0,-1,2,-1.3,-1.3,-1.75
284,12.597,39.97,0.1919,0.2385,7,0,93,0,-1,2,-1.84,-1.84,-1.78
285,12.638,40.64,0.1779,0.2477,6,0,98,0,-1,2,-2.52,-2.52,-2.04
286,12.678,40.03,0.1708,0.253,11,0,93,0,-1,2,-2.93,-2.93,-2.35
287,12.72,42.37,0.1585,0.2642,9,0,115,0,-1,2,-3.77,-3.77,-2.85
288,12.772,52.26,0.1702,0.2777,10,0,160,0,-1,2,-4.78,-4.78,-3.52
289,12.816,43.42,0.152,0.275,2,0,143,0,-1,2,-4.58,-4.58,-3.89
290,12.86,44.02,0.1351,0.2826,13,0,189,0,-1,2,-5.14,-5.14,-4.33
291,12.91,50.38,0.148,0.324,4,0,313,0,-1,2,-8.25,-8.25,-5.7
292,12.958,48.02,0.1552,0.3637,0,0,239,0,-1,2,-11.23,-11.23,-7.63
293,12.996,38.07,0.1731,0.3855,2,0,128,0,-1,2,-12.86,-12.86,-9.46
294,13.047,50.87,0.1773,0.3971,10,0,105,0,-1,2,-13.73,-13.73,-10.96
295,13.089,41.78,0.1776,0.3927,1,0,134,0,-1,2,-13.41,-13.41,-11.81
296,13.143,54.14,0.1747,0.3887,5,0,146,0,-1,2,-13.11,-13.11,-12.27
297,13.182,38.75,0.1565,0.3726,2,0,198,0,-1,2,-11.89,-11.89,-12.14
298,13.226,43.85,0.1641,0.3905,1,0,171,0,-1,2,-13.24,-13.24,-12.52
299,13.269,43.92,0.1879,0.4148,2,0,86,0,-1,2,-15.06,-15.06,-13.41
300,13.311,41.92,0.1787,0.4061,3,0,111,0,-1,2,-14.41,-14.41,-13.76
301,13.355,43.81,0.181,0.4045,2,0,127,0,-1,2,-14.29,-14.29,-13.94
302,13.421,65.52,0.1907,0.4138,0,0,113,0,-1,2,-14.98,-14.98,-14.31
303,13.462,41.31,0.157,0.367,3,0,227,0,-1,2,-11.48,-11.48,-13.32
304,13.502,39.53,0.1558,0.3569,3,0,187,0,-1,2,-10.72,-10.72,-12.41
305,13.541,39.81,0.1612,0.3556,5,0,247,0,-1,2,-10.62,-10.62,-11.78
306,13.58,38.15,0.1571,0.3195,6,0,240,0,-1,2,-7.91,-7.91,-10.43
307,13.621,41.18,0.1581,0.3099,1,0,223,0,-1,2,-7.19,-7.19,-9.3
308,13.66,38.92,0.1598,0.2915,5,0,196,0,-1,2,-5.81,-5.81,-8.08
309,13.704,44.41,0.1552,0.2872,11,0,148,0,-1,2,-5.49,-5.49,-7.17
310,13.744,39.84,0.1607,0.2838,19,0,178,0,-1,2,-5.24,-5.24,-6.49
311,13.782,37.82,0.1554,0.2534,49,0,95,0,-1,2,-2.95,-2.95,-5.25
312,13.83,48.34,0.1489,0.2468,67,0,98,0,-1,2,-2.46,-2.46,-4.28
313,13.873,43.02,0.153,0.2419,109,0,168,0,-1,2,-2.09,-2.09,-3.51
314,13.912,38.74,0.1468,0.2466,152,0,149,0,-1,2,-2.44,-2.44,-3.14
315,13.957,45.22,0.147,0.2364,212,0,205,0,-1,2,-1.68,-1.68,-2.63
316,14.008,51.12,0.1476,0.2391,210,0,193,0,-1,2,-1.89,-1.89,-2.37
317,14.05,41.92,0.1524,0.2404,348,0,173,0,-1,2,-1.98,-1.98,-2.23
318,14.087,37.07,0.1572,0.2448,390,0,178,0,-1,2,-2.31,-2.31,-2.26
319,14.132,44.93,0.1523,0.2466,533,0,226,0,-1,2,-2.44,-2.44,-2.32
320,14.175,42.56,0.1512,0.2476,673,0,241,0,-1,2,-2.52,-2.52,-2.39
321,14.227,52.23,0.1534,0.2539,823,0,217,0,-1,2,-2.99,-2.99,-2.6
322,14.269,42.43,0.1916,0.2971,980,1,343,0,-1,2,-6.23,-6.23,-3.87
323,14.304,34.51,0.2003,0.3061,1156,1,286,0,-1,2,-6.91,-6.91,-4.93
324,14.342,38.02,0.2247,0.3312,1391,1,315,0,-1,2,-8.79,-8.79,-6.29
325,14.382,39.99,0.2466,0.3746,1722,1,315,0,-1,2,-12.05,-12.05,-8.3
326,14.428,45.91,0.2442,0.3838,2004,1,388,0,-1,2,-12.74,-12.74,-9.85
327,14.465,37.03,0.2387,0.4077,2612,1,478,0,-1,2,-14.53,-14.53,-11.49
328,14.507,42.08,0.1865,0.3937,1991,1,463,0,-1,2,-13.48,-13.48,-12.19
329,14.546,39.32,0.1796,0.3605,736,2,488,0,-1,3,-10.99,-10.99,-11.77
330,14.599,52.67,0.1808,0.3373,301,0,601,0,-1,3,-9.25,-9.25,-10.89
331,14.638,38.76,0.1776,0.297,68,0,667,0,-1,3,-6.22,-6.22,-9.25
332,14.685,47.19,0.1845,0.2965,0,0,706,0,-1,3,-6.19,-6.19,-8.18
333,14.728,42.83,0.1839,0.2995,0,0,875,0,-1,3,-6.41,-6.41,-7.56
334,14.767,39.7,0.1848,0.3025,0,0,846,0,-1,3,-6.64,-6.64,-7.24
335,14.808,41.07,0.1781,0.3068,0,0,946,1,-1,3,-6.96,-6.96,-7.14
336,14.847,38.41,0.1746,0.3105,0,0,1071,1,-1,3,-7.24,-7.24,-7.17
337,14.885,38.21,0.1755,0.3097,0,0,1231,1,-1,3,-7.18,-7.18,-7.17
338,14.927,42.02,0.178,0.3302,0,0,1404,1,-1,3,-8.72,-8.72,-7.71
339,14.976,49.06,0.1766,0.3291,0,0,1542,1,-1,3,-8.63,-8.63,-8.03
340,15.022,46.16,0.1759,0.3378,0,0,1735,1,-1,3,-9.29,-9.29,-8.47
341,15.066,43.72,0.1841,0.3498,0,0,2109,1,-1,3,-10.19,-10.19,-9.07
342,15.118,51.63,0.185,0.3584,0,0,2542,1,-1,3,-10.83,-10.83,-9.69
343,15.159,41.55,0.1821,0.3594,0,0,3145,1,-1,3,-10.9,-10.9,-10.11
344,15.202,42.78,0.1848,0.3653,0,0,3960,1,-1,3,-11.35,-11.35,-10.55
345,15.258,55.61,0.1807,0.3802,0,0,3736,1,-1,3,-12.47,-12.47,-11.22
346,15.294,36.65,0.1837,0.4009,0,0,2188,1,-1,3,-14.02,-14.02,-12.2
347,15.339,45.06,0.1766,0.3887,0,0,1688,1,-1,3,-13.11,-13.11,-12.52
348,15.389,49.98,0.1702,0.3964,0,0,630,2,-1,3,-13.68,-13.68,-12.92
349,15.431,41.92,0.1584,0.397,2,0,147,0,-1,3,-13.73,-13.73,-13.21
350,15.468,36.62,0.1563,0.3899,0,0,164,0,-1,3,-13.19,-13.19,-13.2
351,15.51,42.36,0.1528,0.3791,1,0,126,0,-1,3,-12.39,-12.39,-12.92
352,15.556,45.38,0.1513,0.3807,0,0,118,0,-1,3,-12.5,-12.5,-12.77
353,15.611,55.34,0.1504,0.3806,3,0,113,0,-1,3,-12.5,-12.5,-12.68
354,15.649,37.73,0.1547,0.37,1,0,116,0,-1,3,-11.7,-11.7,-12.33
355,15.689,40.83,0.1512,0.3649,3,0,82,0,-1,3,-11.32,-11.32,-11.98
356,15.736,46.51,0.15,0.3563,4,0,99,0,-1,3,-10.67,-10.67,-11.52
357,15.775,38.69,0.1473,0.351,5,0,97,0,-1,3,-10.28,-10.28,-11.09
358,15.815,40.73,0.1651,0.3482,6,0,95,0,-1,3,-10.07,-10.07,-10.73
359,15.875,59.28,0.156,0.3396,1,0,94,0,-1,3,-9.42,-9.42,-10.27
360,15.912,37.87,0.1568,0.3305,1,0,111,0,-1,3,-8.74,-8.74,-9.74
361,15.955,42.68,0.1472,0.328,1,0,101,0,-1,3,-8.55,-8.55,-9.32
362,16.002,46.59,0.1495,0.3248,6,0,117,0,-1,3,-8.31,-8.31,-8.97
363,16.048,45.88,0.1407,0.3081,4,0,122,0,-1,3,-7.06,-7.06,-8.3
364,16.093,45.47,0.1667,0.2966,6,0,182,0,-1,3,-6.19,-6.19,-7.56
365,16.135,41.89,0.1805,0.2675,7,0,161,0,-1,3,-4.01,-4.01,-6.32
366,16.178,42.84,0.1942,0.2554,7,0,186,0,-1,3,-3.1,-3.1,-5.19
367,16.221,43.29,0.1996,0.2353,3,0,158,0,-1,3,-1.6,-1.6,-3.94
368,16.276,55.05,0.1905,0.2367,4,0,165,0,-1,3,-1.7,-1.7,-3.15
369,16.316,40.27,0.1868,0.2347,2,0,181,0,-1,3,-1.55,-1.55,-2.59
370,16.358,41.92,0.1984,0.2205,9,0,233,0,-1,3,-0.49,-0.49,-1.86
371,16.398,39.33,0.198,0.2221,2,0,204,0,-1,3,-0.61,-0.61,-1.42
372,16.44,42.62,0.1884,0.2421,9,0,273,0,-1,3,-2.11,-2.11,-1.66
373,16.491,50.51,0.1723,0.267,13,0,227,0,-1,3,-3.97,-3.97,-2.47
374,16.528,36.69,0.1663,0.2762,10,0,194,0,-1,3,-4.66,-4.66,-3.24
375,16.567,39.29,0.1693,0.2634,2,0,222,0,-1,3,-3.71,-3.71,-3.4
376,16.61,43.2,0.1695,0.2623,4,0,280,0,-1,3,-3.63,-3.63,-3.48
377,16.66,49.69,0.1707,0.2622,5,0,324,0,-1,3,-3.61,-3.61,-3.53
378,16.703,43.09,0.175,0.26,7,0,280,0,-1,3,-3.45,-3.45,-3.5
379,16.752,49.0,0.1848,0.2387,13,0,326,0,-1,3,-1.85,-1.85,-2.92
380,16.791,38.77,0.188,0.2356,4,0,382,0,-1,3,-1.62,-1.62,-2.47
381,16.834,43.22,0.1791,0.2395,5,0,484,0,-1,3,-1.91,-1.91,-2.27
382,16.877,43.41,0.1797,0.2311,5,0,422,0,-1,3,-1.28,-1.28,-1.93
383,16.921,44.15,0.1836,0.2172,6,0,505,0,-1,3,-0.24,-0.24,-1.34
384,16.965,43.5,0.174,0.2282,23,0,580,0,-1,3,-1.07,-1.07,-1.24
385,17.008,43.6,0.1573,0.2587,18,0,393,0,-1,3,-3.35,-3.35,-1.98
386,17.056,47.7,0.1403,0.3724,0,0,224,0,-1,3,-11.88,-11.88,-5.45
387,17.098,41.91,0.1643,0.4227,0,0,163,0,-1,3,-15.65,-15.65,-9.02
388,17.138,39.86,0.1631,0.4387,0,0,174,0,-1,3,-16.85,-16.85,-11.76
389,17.181,42.99,0.1753,0.469,0,0,199,0,-1,3,-19.12,-19.12,-14.34
390,17.225,44.39,0.1802,0.4896,0,0,151,0,-1,3,-20.67,-20,-16.32
391,17.268,43.22,0.1784,0.5123,0,0,215,0,-1,3,-22.37,-20,-17.61
392,17.316,47.54,0.1905,0.5281,1,0,199,0,-1,3,-23.56,-20,-18.44
393,17.363,47.19,0.1855,0.5224,2,0,238,0,-1,3,-23.13,-20,-18.99
394,17.401,37.72,0.1771,0.5277,0,0,250,0,-1,3,-23.52,-20,-19.34
395,17.439,38.28,0.1745,0.523,0,0,255,0,-1,3,-23.18,-20,-19.57
396,17.48,40.47,0.172,0.525,0,0,313,0,-1,3,-23.33,-20,-19.72
397,17.518,38.33,0.1691,0.5102,0,0,434,0,-1,3,-22.21,-20,-19.82
398,17.575,56.53,0.1724,0.5,0,0,503,0,-1,3,-21.45,-20,-19.88
399,17.618,43.3,0.1617,0.4668,0,0,695,0,-1,3,-18.96,-18.96,-19.56
400,17.666,48.42,0.1597,0.4066,0,0,701,0,-1,3,-14.44,-14.44,-17.77
401,17.704,38.06,0.1502,0.375,0,0,626,0,-1,3,-12.08,-12.08,-15.78
402,17.744,39.76,0.1388,0.3398,1,0,506,0,-1,3,-9.43,-9.43,-13.56
403,17.787,43.24,0.1484,0.3239,0,0,624,0,-1,3,-8.24,-8.24,-11.7
404,17.843,55.9,0.1519,0.3017,24,0,423,0,-1,3,-6.58,-6.58,-9.91
405,17.886,42.91,0.1595,0.2702,28,0,251,0,-1,3,-4.22,-4.22,-7.91
406,17.936,49.96,0.1757,0.2632,28,0,101,0,-1,3,-3.69,-3.69,-6.44
407,17.986,49.52,0.1813,0.2434,19,0,92,0,-1,3,-2.21,-2.21,-4.96
408,18.023,37.44,0.2005,0.2224,38,0,95,0,-1,3,-0.63,-0.63,-3.44
409,18.066,42.72,0.2041,0.2005,21,0,55,0,-1,3,1.01,1.01,-1.88
410,18.109,43.61,0.2059,0.1976,4,0,78,0,-1,3,1.23,1.23,-0.79
411,18.153,44.0,0.1999,0.1923,8,0,96,0,-1,3,1.62,1.62,0.05
412,18.202,48.42,0.1966,0.192,5,0,79,0,-1,3,1.65,1.65,0.61
413,18.241,39.01,0.196,0.1955,9,0,89,0,-1,3,1.38,1.38,0.88
414,18.278,37.44,0.1965,0.1959,29,0,76,0,-1,3,1.35,1.35,1.05
415,18.34,62.08,0.1858,0.2004,36,0,72,0,-1,3,1.02,1.02,1.04
416,18.386,45.86,0.1638,0.2148,43,0,63,0,-1,3,-0.06,-0.06,0.65
417,18.426,39.9,0.1634,0.2274,41,0,80,0,-1,3,-1.01,-1.01,0.07
418,18.471,44.49,0.1449,0.2259,36,0,77,0,-1,3,-0.9,-0.9,-0.27
419,18.517,46.15,0.1496,0.2152,66,0,61,0,-1,3,-0.09,-0.09,-0.2
420,18.559,41.88,0.1498,0.2295,100,0,49,0,-1,3,-1.16,-1.16,-0.54
421,18.607,48.15,0.1481,0.2306,124,0,47,0,-1,3,-1.25,-1.25,-0.79
422,18.654,47.37,0.1545,0.2312,173,0,57,0,-1,3,-1.29,-1.29,-0.96
423,18.695,41.21,0.1477,0.233,183,0,41,0,-1,3,-1.43,-1.43,-1.13
424,18.734,38.28,0.1627,0.2429,263,0,54,0,-1,3,-2.17,-2.17,-1.49
425,18.774,40.11,0.1683,0.2584,313,0,59,0,-1,3,-3.33,-3.33,-2.13
426,18.816,42.23,0.1691,0.2572,371,0,73,0,-1,3,-3.24,-3.24,-2.52
427,18.871,55.33,0.168,0.2545,437,0,71,0,-1,3,-3.03,-3.03,-2.7
428,18.916,44.76,0.1757,0.2639,541,0,92,0,-1,3,-3.74,-3.74,-3.07
429,18.958,42.18,0.1756,0.2577,662,0,119,0,-1,3,-3.27,-3.27,-3.14
430,19.004,45.82,0.1765,0.2627,760,0,102,0,-1,3,-3.65,-3.65,-3.32
431,19.057,52.47,0.1794,0.2593,948,1,113,0,-1,3,-3.4,-3.4,-3.35
432,19.094,37.13,0.1815,0.257,1142,1,106,0,-1,3,-3.23,-3.23,-3.3
433,19.135,41.07,0.1812,0.2625,1374,1,149,0,-1,3,-3.64,-3.64,-3.42
434,19.175,40.56,0.1906,0.2647,1541,1,180,0,-1,3,-3.8,-3.8,-3.55
435,19.22,44.38,0.1867,0.255,1966,1,149,0,-1,3,-3.08,-3.08,-3.39
436,19.264,44.17,0.1884,0.2716,2302,1,177,0,-1,3,-4.32,-4.32,-3.71
437,19.313,49.18,0.192,0.2671,2740,1,197,0,-1,3,-3.98,-3.98,-3.81
438,19.36,46.8,0.1994,0.2675,3173,1,208,0,-1,3,-4.01,-4.01,-3.88
439,19.401,40.79,0.2111,0.2782,2380,1,242,0,-1,3,-4.82,-4.82,-4.21
440,19.448,47.51,0.2087,0.2801,1887,1,231,0,-1,3,-4.96,-4.96,-4.47
441,19.488,39.34,0.2227,0.291,1355,1,293,0,-1,3,-5.78,-5.78,-4.93
442,19.538,50.57,0.2225,0.2918,1196,1,307,0,-1,3,-5.83,-5.83,-5.24
443,19.581,43.28,0.2421,0.3048,864,1,317,0,-1,3,-6.81,-6.81,-5.79
444,19.627,45.8,0.2388,0.3118,597,2,355,0,-1,4,-7.33,-7.33,-6.33
445,19.677,49.75,0.2496,0.3153,403,0,375,0,-1,4,-7.6,-7.6,-6.78
446,19.735,58.2,0.2799,0.331,289,0,427,0,-1,4,-8.78,-8.78,-7.48
447,19.783,48.12,0.2871,0.3234,0,0,490,0,-1,4,-8.2,-8.2,-7.73
448,19.821,37.33,0.3009,0.3307,0,0,468,0,-1,4,-8.75,-8.75,-8.09
449,19.865,44.36,0.2902,0.3336,0,0,483,0,-1,4,-8.97,-8.97,-8.4
450,19.903,37.99,0.2963,0.3373,0,0,565,0,-1,4,-9.24,-9.24,-8.69
451,19.963,60.13,0.3181,0.3559,0,0,554,0,-1,4,-10.64,-10.64,-9.37
452,20.004,40.47,0.3263,0.3552,0,0,631,0,-1,4,-10.59,-10.59,-9.8
453,20.048,44.14,0.3427,0.3678,0,0,636,0,-1,4,-11.54,-11.54,-10.41
454,20.096,47.91,0.3541,0.3812,0,0,703,0,-1,4,-12.54,-12.54,-11.15
455,20.148,52.86,0.3606,0.4062,0,0,747,0,-1,4,-14.42,-14.42,-12.3
456,20.189,41.0,0.3711,0.4301,0,0,826,0,-1,4,-16.21,-16.21,-13.67
457,20.236,46.97,0.3777,0.428,0,0,963,1,-1,4,-16.05,-16.05,-14.5
458,20.285,48.56,0.39,0.4548,0,0,1049,1,-1,4,-18.06,-18.06,-15.75
459,20.324,38.83,0.3988,0.477,1,0,1172,1,-1,4,-19.73,-19.73,-17.14
460,20.367,43.39,0.4053,0.4891,0,0,1301,1,-1,4,-20.63,-20,-18.14
461,20.412,44.71,0.4177,0.5216,0,0,1645,1,-1,4,-23.07,-20,-18.79
462,20.464,51.9,0.4065,0.5601,0,0,2076,1,-1,4,-25.96,-20,-19.21
463,20.503,39.62,0.379,0.5863,0,0,2757,1,-1,4,-27.92,-20,-19.49
464,20.561,57.64,0.3784,0.607,1,0,2677,1,-1,4,-29.47,-20,-19.67
465,20.604,43.35,0.3446,0.6407,0,0,2336,1,-1,4,-32.0,-20,-19.78
466,20.645,40.18,0.2976,0.6348,1,0,1905,1,-1,4,-31.56,-20,-19.86
467,20.69,45.17,0.2902,0.6595,0,0,1460,1,-1,4,-33.41,-20,-19.91
468,20.746,56.29,0.2766,0.6673,0,0,973,1,-1,4,-34.0,-20,-19.94
469,20.782,35.75,0.2432,0.6663,0,0,149,2,-1,4,-33.92,-20,-19.96
470,20.827,45.19,0.2348,0.6712,0,0,167,0,-1,4,-34.29,-20,-19.97
471,20.866,39.29,0.2173,0.6566,1,0,209,0,-1,4,-33.2,-20,-19.98
472,20.908,41.26,0.1956,0.6518,2,0,237,0,-1,4,-32.83,-20,-19.99
473,20.952,44.77,0.1836,0.6366,4,0,280,0,-1,4,-31.69,-20,-19.99
474,20.992,40.09,0.1666,0.5999,8,0,373,0,-1,4,-28.94,-20,-20.0
475,21.036,43.49,0.1523,0.5669,6,0,400,0,-1,4,-26.47,-20,-20.0
476,21.099,63.09,0.159,0.5225,5,0,473,0,-1,4,-23.14,-20,-20.0
477,21.134,35.28,0.1652,0.4842,3,0,285,0,-1,4,-20.27,-20,-20.0
478,21.176,41.7,0.167,0.4608,6,0,211,0,-1,4,-18.51,-18.51,-19.48
479,21.214,38.53,0.1658,0.415,16,0,56,0,-1,4,-15.07,-15.07,-17.94
480,21.257,42.27,0.1689,0.3876,11,0,31,0,-1,4,-13.02,-13.02,-16.22
481,21.305,48.76,0.1807,0.3535,8,0,63,0,-1,4,-10.46,-10.46,-14.2
482,21.35,44.69,0.1932,0.3143,6,0,78,0,-1,4,-7.52,-7.52,-11.86
483,21.402,52.01,0.2048,0.2637,15,0,97,0,-1,4,-3.73,-3.73,-9.02
484,21.441,38.44,0.2166,0.233,3,0,112,0,-1,4,-1.43,-1.43,-6.36
485,21.488,46.89,0.2209,0.2266,10,0,103,0,-1,4,-0.94,-0.94,-4.46
486,21.529,41.32,0.2323,0.2124,8,0,130,0,-1,4,0.12,0.12,-2.86
487,21.579,49.68,0.2137,0.1959,14,0,118,0,-1,4,1.35,1.35,-1.38
488,21.623,44.46,0.2387,0.1887,7,0,182,0,-1,4,1.9,1.9,-0.24
489,21.665,41.55,0.2355,0.1754,17,0,210,0,-1,4,2.9,2.9,0.86
490,21.71,45.43,0.22,0.1765,10,0,154,0,-1,4,2.81,2.81,1.54
491,21.753,42.72,0.2279,0.2067,7,0,87,0,-1,4,0.55,0.55,1.19
492,21.797,44.03,0.2088,0.1948,4,0,113,0,-1,4,1.44,1.44,1.28
493,21.845,48.32,0.2295,0.1995,10,0,135,0,-1,4,1.09,1.09,1.21
494,21.893,47.89,0.2138,0.2061,8,0,86,0,-1,4,0.59,0.59,1.0
495,21.938,45.41,0.221,0.2123,12,0,134,0,-1,4,0.13,0.13,0.69
496,21.996,57.47,0.1777,0.2213,12,0,107,0,-1,4,-0.54,-0.54,0.26
497,22.032,35.74,0.1957,0.2529,3,0,82,0,-1,4,-2.92,-2.92,-0.85
498,22.075,43.85,0.1909,0.2614,8,0,63,0,-1,4,-3.56,-3.56,-1.8
499,22.121,45.91,0.1754,0.3243,19,0,70,0,-1,4,-8.27,-8.27,-4.06
500,22.16,39.16,0.1603,0.3747,6,0,51,0,-1,4,-12.05,-12.05,-6.86
501,22.2,39.38,0.1482,0.3881,13,0,27,0,-1,4,-13.06,-13.06,-9.03
502,22.239,39.23,0.1484,0.4105,18,0,30,0,-1,4,-14.74,-14.74,-11.03
503,22.289,49.6,0.1622,0.4262,5,0,39,0,-1,4,-15.91,-15.91,-12.74
504,22.342,53.58,0.1517,0.4322,6,0,52,0,-1,4,-16.36,-16.36,-14.01
505,22.382,40.11,0.1617,0.4279,8,0,43,0,-1,4,-16.04,-16.04,-14.72
506,22.422,39.35,0.1591,0.4114,5,0,45,0,-1,4,-14.81,-14.81,-14.75
507,22.461,38.98,0.1592,0.4056,14,0,28,0,-1,4,-14.37,-14.37,-14.62
508,22.511,50.27,0.1667,0.379,14,0,45,0,-1,4,-12.37,-12.37,-13.83
509,22.557,46.06,0.1654,0.3986,16,0,33,0,-1,4,-13.84,-13.84,-13.84
510,22.617,60.45,0.1716,0.4223,10,0,68,0,-1,4,-15.62,-15.62,-14.46
511,22.653,36.03,0.1561,0.3763,7,0,48,0,-1,4,-12.17,-12.17,-13.66
512,22.692,38.68,0.1676,0.3747,8,0,74,0,-1,4,-12.05,-12.05,-13.1
513,22.742,50.31,0.178,0.3627,13,0,63,0,-1,4,-11.15,-11.15,-12.42
514,22.782,39.49,0.1733,0.3481,12,0,40,0,-1,4,-10.06,-10.06,-11.59
515,22.829,47.07,0.1716,0.3422,23,0,72,0,-1,4,-9.61,-9.61,-10.9
516,22.871,41.74,0.1707,0.337,21,0,56,0,-1,4,-9.22,-9.22,-10.31
517,22.91,39.44,0.1716,0.3236,27,0,60,0,-1,4,-8.22,-8.22,-9.58
518,22.951,40.67,0.1789,0.3218,26,0,90,0,-1,4,-8.08,-8.08,-9.06
519,22.993,41.75,0.1767,0.3184,47,0,77,0,-1,4,-7.83,-7.83,-8.63
520,23.056,63.1,0.1788,0.3036,15,0,49,0,-1,4,-6.72,-6.72,-7.96
521,23.1,43.81,0.1778,0.2758,10,0,86,0,-1,4,-4.63,-4.63,-6.8
522,23.14,40.73,0.1777,0.2758,19,0,109,0,-1,4,-4.63,-4.63,-6.04
523,23.182,42.2,0.1818,0.2656,19,0,68,0,-1,4,-3.87,-3.87,-5.28
524,23.22,37.51,0.1748,0.2927,27,0,82,0,-1,4,-5.91,-5.91,-5.5
525,23.265,44.92,0.1644,0.2958,15,0,79,0,-1,4,-6.13,-6.13,-5.72
526,23.306,40.91,0.1743,0.2733,17,0,79,0,-1,4,-4.45,-4.45,-5.27
527,23.347,41.53,0.1782,0.2599,14,0,113,0,-1,4,-3.44,-3.44,-4.63
528,23.397,49.27,0.1673,0.2477,9,0,91,0,-1,4,-2.53,-2.53,-3.9
529,23.435,38.87,0.1752,0.2384,27,0,124,0,-1,4,-1.83,-1.83,-3.17
530,23.479,43.34,0.1712,0.2444,21,0,104,0,-1,4,-2.28,-2.28,-2.86
531,23.534,55.3,0.1545,0.256,18,0,102,0,-1,4,-3.15,-3.15,-2.96
532,23.578,44.25,0.1694,0.2338,36,0,127,0,-1,4,-1.49,-1.49,-2.45
533,23.618,40.01,0.1857,0.2226,38,0,61,0,-1,4,-0.64,-0.64,-1.81
534,23.666,47.97,0.1752,0.1848,30,0,43,0,-1,4,2.19,2.19,-0.41
535,23.707,40.26,0.202,0.1904,40,0,28,0,-1,4,1.77,1.77,0.35
536,23.749,42.22,0.1937,0.1784,29,0,32,0,-1,4,2.67,2.67,1.16
537,23.8,51.46,0.1962,0.1877,40,0,35,0,-1,4,1.97,1.97,1.45
538,23.84,39.65,0.2027,0.1897,46,0,30,0,-1,4,1.82,1.82,1.58
539,23.884,43.62,0.1887,0.1931,54,0,34,0,-1,4,1.57,1.57,1.57
540,23.931,47.23,0.1917,0.2087,56,0,39,0,-1,4,0.4,0.4,1.16
541,23.972,41.28,0.1862,0.2083,89,0,30,0,-1,4,0.43,0.43,0.91
542,24.028,55.58,0.1762,0.2128,81,0,28,0,-1,4,0.09,0.09,0.62
543,24.064,36.28,0.1657,0.2216,121,0,31,0,-1,4,-0.57,-0.57,0.2
544,24.106,41.65,0.1509,0.2175,124,0,39,0,-1,4,-0.26,-0.26,0.04
545,24.144,38.65,0.1538,0.2284,131,0,128,0,-1,4,-1.08,-1.08,-0.35
546,24.18,36.22,0.1734,0.2455,136,0,134,0,-1,4,-2.37,-2.37,-1.06
547,24.235,54.47,0.1563,0.2416,124,0,177,0,-1,4,-2.07,-2.07,-1.41
548,24.278,43.03,0.1716,0.2583,156,0,131,0,-1,4,-3.32,-3.32,-2.08
549,24.322,43.7,0.1686,0.261,199,0,109,0,-1,4,-3.53,-3.53,-2.59
550,24.362,40.28,0.1832,0.2732,227,0,122,0,-1,4,-4.44,-4.44,-3.24
551,24.419,57.18,0.1825,0.2891,258,0,118,0,-1,4,-5.64,-5.64,-4.08
552,24.455,36.2,0.1883,0.3029,293,0,95,0,-1,4,-6.67,-6.67,-4.98
553,24.497,41.32,0.1972,0.3041,311,0,103,0,-1,4,-6.76,-6.76,-5.6
554,24.538,41.74,0.1874,0.2923,379,0,77,0,-1,4,-5.88,-5.88,-5.7
555,24.581,42.7,0.192,0.2923,448,0,117,0,-1,4,-5.87,-5.87,-5.76
556,24.623,41.84,0.1977,0.2874,516,0,87,0,-1,4,-5.51,-5.51,-5.67
557,24.68,57.16,0.1935,0.2819,551,0,123,0,-1,4,-5.09,-5.09,-5.47
558,24.737,57.33,0.2094,0.3009,652,0,113,0,-1,4,-6.52,-6.52,-5.84
559,24.774,36.89,0.2057,0.3001,779,0,134,0,-1,4,-6.46,-6.46,-6.05
560,24.813,38.46,0.2073,0.294,902,1,127,0,-1,4,-6.0,-6.0,-6.03
561,24.856,43.5,0.2197,0.3012,993,1,152,0,-1,4,-6.54,-6.54,-6.21
562,24.897,40.62,0.2234,0.296,1175,1,152,0,-1,4,-6.15,-6.15,-6.19
563,24.934,37.15,0.2343,0.3055,1312,1,159,0,-1,4,-6.86,-6.86,-6.42
564,24.989,54.73,0.2276,0.2888,1515,1,157,0,-1,4,-5.61,-5.61,-6.14
565,25.03,41.44,0.2245,0.2804,1982,1,204,0,-1,4,-4.98,-4.98,-5.73
566,25.078,47.75,0.2311,0.2809,2412,1,182,0,-1,4,-5.01,-5.01,-5.48
567,25.118,40.17,0.2212,0.2855,2817,1,222,0,-1,4,-5.36,-5.36,-5.44
568,25.167,49.03,0.2292,0.2857,3179,1,210,0,-1,4,-5.38,-5.38,-5.42
569,25.217,49.83,0.2366,0.2937,2708,1,264,0,-1,4,-5.98,-5.98,-5.61
570,25.262,45.1,0.2585,0.3054,2014,1,217,0,-1,4,-6.85,-6.85,-6.05
571,25.304,42.28,0.2565,0.3041,1657,1,242,0,-1,4,-6.76,-6.76,-6.3
572,25.344,39.6,0.2595,0.3054,1366,1,260,0,-1,4,-6.85,-6.85,-6.49
573,25.387,43.02,0.2628,0.3045,1264,1,243,0,-1,4,-6.78,-6.78,-6.59
574,25.43,42.61,0.277,0.3123,1000,1,268,0,-1,4,-7.38,-7.38,-6.87
575,25.472,42.76,0.2614,0.3154,513,2,324,0,-1,5,-7.6,-7.6,-7.13
576,25.521,48.9,0.2745,0.3146,255,0,297,0,-1,5,-7.55,-7.55,-7.27
577,25.571,50.16,0.2734,0.319,18,0,273,0,-1,5,-7.87,-7.87,-7.48
578,25.608,36.75,0.3013,0.3298,0,0,333,0,-1,5,-8.69,-8.69,-7.9
579,25.661,52.98,0.2998,0.3409,0,0,353,0,-1,5,-9.52,-9.52,-8.47
580,25.711,49.4,0.3043,0.348,0,0,393,0,-1,5,-10.05,-10.05,-9.02
581,25.755,44.58,0.2861,0.3595,0,0,438,0,-1,5,-10.91,-10.91,-9.68
582,25.795,39.92,0.2894,0.3677,0,0,495,0,-1,5,-11.53,-11.53,-10.33
583,25.834,38.99,0.291,0.3807,3,0,544,0,-1,5,-12.5,-12.5,-11.09
584,25.875,40.81,0.2952,0.3914,0,0,652,0,-1,5,-13.31,-13.31,-11.87
585,25.921,45.81,0.2912,0.4091,0,0,720,0,-1,5,-14.64,-14.64,-12.84
586,25.966,45.34,0.3201,0.4156,0,0,793,0,-1,5,-15.12,-15.12,-13.64
587,26.028,61.59,0.3113,0.436,0,0,964,1,-1,5,-16.65,-16.65,-14.69
588,26.064,36.9,0.298,0.4669,0,0,1314,1,-1,5,-18.97,-18.97,-16.19
589,26.105,40.29,0.2853,0.4748,0,0,1484,1,-1,5,-19.56,-19.56,-17.37
590,26.142,37.3,0.2576,0.4877,0,0,1900,1,-1,5,-20.52,-20,-18.29
591,26.188,45.47,0.2294,0.4873,0,0,2234,1,-1,5,-20.5,-20,-18.89
592,26.226,37.98,0.2155,0.4923,1,0,2769,1,-1,5,-20.88,-20,-19.28
593,26.277,51.95,0.2097,0.5,0,0,3159,1,-1,5,-21.45,-20,-19.53
594,26.317,39.39,0.1938,0.4941,3,0,3616,1,-1,5,-21.01,-20,-19.69
595,26.364,47.16,0.1814,0.4988,0,0,2673,1,-1,5,-21.36,-20,-19.8
596,26.413,49.04,0.1602,0.4768,2,0,1385,1,-1,5,-19.71,-19.71,-19.77
597,26.464,51.23,0.1636,0.4825,0,0,540,2,-1,5,-20.14,-20,-19.85
598,26.506,41.84,0.1523,0.4695,4,0,125,0,-1,5,-19.16,-19.16,-19.61
599,26.547,40.46,0.1423,0.4505,4,0,75,0,-1,5,-17.74,-17.74,-18.95
600,26.584,37.82,0.1371,0.4307,3,0,50,0,-1,5,-16.25,-16.25,-18.01
601,26.63,45.53,0.1328,0.4166,5,0,45,0,-1,5,-15.2,-15.2,-17.03
602,26.67,39.89,0.1359,0.3997,5,0,59,0,-1,5,-13.93,-13.93,-15.94
603,26.712,41.71,0.1398,0.3584,7,0,59,0,-1,5,-10.83,-10.83,-14.15
604,26.753,41.62,0.1405,0.3209,9,0,63,0,-1,5,-8.02,-8.02,-12.01
605,26.808,55.15,0.163,0.2952,1,0,86,0,-1,5,-6.09,-6.09,-9.93
606,26.85,42.15,0.1621,0.2607,5,0,53,0,-1,5,-3.5,-3.5,-7.68
607,26.898,47.4,0.1699,0.2452,1,0,63,0,-1,5,-2.34,-2.34,-5.81
608,26.944,45.66,0.1738,0.2308,6,0,66,0,-1,5,-1.26,-1.26,-4.22
609,26.99,46.34,0.1726,0.219,3,0,59,0,-1,5,-0.37,-0.37,-2.87
610,27.033,42.97,0.1974,0.2374,4,0,88,0,-1,5,-1.76,-1.76,-2.48
611,27.073,40.16,0.2085,0.2541,3,0,98,0,-1,5,-3.01,-3.01,-2.67
612,27.13,56.56,0.1989,0.227,7,0,79,0,-1,5,-0.98,-0.98,-2.08
613,27.169,39.84,0.2367,0.2095,9,0,73,0,-1,5,0.34,0.34,-1.23
614,27.226,56.87,0.2291,0.2082,14,0,88,0,-1,5,0.43,0.43,-0.65
615,27.278,52.09,0.2304,0.2037,4,0,80,0,-1,5,0.77,0.77,-0.15
616,27.325,46.45,0.2241,0.1888,8,0,72,0,-1,5,1.89,1.89,0.57
617,27.366,40.7,0.2595,0.1772,3,0,103,0,-1,5,2.76,2.76,1.33
618,27.405,39.49,0.2676,0.1569,14,0,181,0,-1,5,4.28,4.28,2.37
619,27.447,42.31,0.278,0.1572,8,0,184,0,-1,5,4.26,4.26,3.03
620,27.502,54.92,0.2697,0.1609,2,0,136,0,-1,5,3.99,3.99,3.36
621,27.543,40.45,0.268,0.1559,10,0,93,0,-1,5,4.35,4.35,3.71
622,27.584,41.1,0.2545,0.1533,11,0,94,0,-1,5,4.55,4.55,4.01
623,27.637,53.61,0.2483,0.1637,8,0,101,0,-1,5,3.77,3.77,3.92
624,27.688,51.04,0.2584,0.1712,4,0,92,0,-1,5,3.21,3.21,3.68
625,27.726,37.17,0.2328,0.1617,9,0,86,0,-1,5,3.92,3.92,3.76
626,27.761,35.88,0.223,0.1606,1,0,90,0,-1,5,4.0,4.0,3.85
627,27.813,51.48,0.2566,0.1864,6,0,104,0,-1,5,2.07,2.07,3.22
628,27.852,39.14,0.2408,0.1927,9,0,77,0,-1,5,1.6,1.6,2.66
629,27.896,43.74,0.227,0.1977,1,0,77,0,-1,5,1.23,1.23,2.16
630,27.949,53.65,0.2269,0.2104,10,0,107,0,-1,5,0.27,0.27,1.5
631,27.995,45.76,0.2062,0.2152,13,0,88,0,-1,5,-0.09,-0.09,0.94
632,28.046,50.43,0.1994,0.2094,10,0,83,0,-1,5,0.35,0.35,0.73
633,28.083,37.79,0.2016,0.2128,12,0,47,0,-1,5,0.09,0.09,0.51
634,28.124,40.43,0.1894,0.227,15,0,48,0,-1,5,-0.97,-0.97,-0.01
635,28.169,44.61,0.192,0.2347,8,0,62,0,-1,5,-1.55,-1.55,-0.55
636,28.216,47.12,0.1785,0.2355,9,0,61,0,-1,5,-1.62,-1.62,-0.92
637,28.267,51.22,0.1856,0.2387,11,0,81,0,-1,5,-1.86,-1.86,-1.25
638,28.311,44.38,0.1949,0.2403,12,0,70,0,-1,5,-1.97,-1.97,-1.5
639,28.35,38.46,0.1884,0.2351,12,0,72,0,-1,5,-1.58,-1.58,-1.53
640,28.392,41.92,0.1897,0.238,10,0,80,0,-1,5,-1.8,-1.8,-1.63
641,28.448,56.3,0.1869,0.2401,8,0,86,0,-1,5,-1.96,-1.96,-1.74
642,28.49,41.9,0.1777,0.25,17,0,81,0,-1,5,-2.7,-2.7,-2.08
643,28.53,39.78,0.1678,0.2598,8,0,78,0,-1,5,-3.43,-3.43,-2.55
644,28.57,39.92,0.1779,0.2723,13,0,112,0,-1,5,-4.37,-4.37,-3.19
645,28.613,43.13,0.162,0.2814,11,0,108,0,-1,5,-5.06,-5.06,-3.84
646,28.672,59.05,0.1672,0.2964,16,0,61,0,-1,5,-6.18,-6.18,-4.66
647,28.714,42.14,0.1684,0.2941,10,0,42,0,-1,5,-6.0,-6.0,-5.13
648,28.761,47.12,0.1714,0.289,12,0,72,0,-1,5,-5.62,-5.62,-5.3
649,28.81,48.77,0.1634,0.2866,17,0,38,0,-1,5,-5.44,-5.44,-5.35
650,28.859,49.43,0.1607,0.2943,8,0,41,0,-1,5,-6.02,-6.02,-5.59
651,28.909,49.52,0.1669,0.2975,9,0,41,0,-1,5,-6.26,-6.26,-5.82
652,28.947,38.74,0.172,0.2903,5,0,65,0,-1,5,-5.72,-5.72,-5.79
653,28.989,41.32,0.1736,0.2967,10,0,41,0,-1,5,-6.2,-6.2,-5.93
654,29.035,46.41,0.1634,0.2921,14,0,48,0,-1,5,-5.86,-5.86,-5.91
655,29.081,45.91,0.1565,0.287,7,0,33,0,-1,5,-5.48,-5.48,-5.76
656,29.125,43.58,0.162,0.286,6,0,39,0,-1,5,-5.4,-5.4,-5.63
657,29.165,40.37,0.1625,0.2861,14,0,50,0,-1,5,-5.41,-5.41,-5.55
658,29.214,48.81,0.1591,0.2746,12,0,20,0,-1,5,-4.55,-4.55,-5.2
659,29.252,37.78,0.167,0.2708,13,0,46,0,-1,5,-4.26,-4.26,-4.87
660,29.302,50.29,0.1631,0.2659,10,0,38,0,-1,5,-3.9,-3.9,-4.53
661,29.346,44.21,0.1624,0.2669,23,0,47,0,-1,5,-3.97,-3.97,-4.33
662,29.393,46.78,0.1584,0.2545,7,0,40,0,-1,5,-3.04,-3.04,-3.88
663,29.432,38.92,0.1569,0.261,29,0,36,0,-1,5,-3.53,-3.53,-3.76
664,29.476,43.93,0.1627,0.2623,18,0,32,0,-1,5,-3.63,-3.63,-3.71
665,29.518,42.03,0.1562,0.2585,40,0,32,0,-1,5,-3.34,-3.34,-3.58
666,29.57,52.62,0.1567,0.256,55,0,44,0,-1,5,-3.15,-3.15,-3.43
667,29.612,41.61,0.1633,0.2494,74,0,51,0,-1,5,-2.65,-2.65,-3.16
668,29.653,41.41,0.1685,0.2577,98,0,23,0,-1,5,-3.28,-3.28,-3.2
669,29.693,39.13,0.168,0.257,146,0,46,0,-1,5,-3.22,-3.22,-3.21
670,29.731,38.78,0.1608,0.2512,73,0,49,0,-1,5,-2.79,-2.79,-3.06
671,29.776,45.02,0.1633,0.2427,171,0,37,0,-1,5,-2.15,-2.15,-2.74
672,29.817,40.59,0.1636,0.2445,225,0,60,0,-1,5,-2.28,-2.28,-2.58
673,29.863,46.1,0.163,0.2372,271,0,44,0,-1,5,-1.74,-1.74,-2.29
674,29.913,50.02,0.158,0.2406,370,0,49,0,-1,5,-2.0,-2.0,-2.19
675,29.964,50.57,0.1634,0.2355,454,0,74,0,-1,5,-1.61,-1.61,-1.98
676,30.006,42.36,0.1599,0.2254,570,0,75,0,-1,5,-0.85,-0.85,-1.59
677,30.058,52.12,0.1651,0.2338,728,0,101,0,-1,5,-1.48,-1.48,-1.55
678,30.099,40.78,0.1546,0.2243,846,1,124,0,-1,5,-0.77,-0.77,-1.28
679,30.142,42.93,0.1548,0.2286,989,1,125,0,-1,5,-1.09,-1.09,-1.21
680,30.187,44.81,0.1572,0.2316,1176,1,176,0,-1,5,-1.32,-1.32,-1.25
681,30.232,45.78,0.1636,0.2359,1406,1,192,0,-1,5,-1.65,-1.65,-1.39
682,30.285,53.03,0.1739,0.2437,1728,1,207,0,-1,5,-2.23,-2.23,-1.68
683,30.325,39.33,0.1737,0.2378,2061,1,243,0,-1,5,-1.79,-1.79,-1.72
684,30.368,42.97,0.1805,0.2487,2393,1,265,0,-1,5,-2.6,-2.6,-2.03
685,30.411,42.95,0.1999,0.2575,2776,1,325,0,-1,5,-3.26,-3.26,-2.46
686,30.455,44.55,0.192,0.247,3290,1,341,0,-1,5,-2.47,-2.47,-2.46
687,30.508,52.7,0.182,0.2562,3249,1,405,0,-1,5,-3.17,-3.17,-2.71
688,30.548,40.02,0.182,0.2557,1429,1,468,0,-1,5,-3.13,-3.13,-2.86
689,30.589,41.32,0.1776,0.2573,807,2,513,0,-1,6,-3.25,-3.25,-2.99
690,30.631,41.47,0.1963,0.2748,588,0,561,0,-1,6,-4.56,-4.56,-3.54
691,30.67,39.51,0.1989,0.2696,186,0,598,0,-1,6,-4.17,-4.17,-3.76
692,30.713,42.91,0.1947,0.2706,8,0,642,0,-1,6,-4.25,-4.25,-3.93
693,30.766,52.61,0.1958,0.2688,0,0,742,0,-1,6,-4.11,-4.11,-3.99
694,30.807,40.86,0.2167,0.2909,1,0,810,0,-1,6,-5.76,-5.76,-4.61
695,30.843,36.6,0.2441,0.2902,0,0,785,0,-1,6,-5.72,-5.72,-5.0
696,30.89,46.34,0.2311,0.2827,0,0,866,0,-1,6,-5.15,-5.15,-5.05
697,30.936,46.65,0.2425,0.2959,0,0,966,1,-1,6,-6.15,-6.15,-5.43
698,30.978,41.54,0.2554,0.2997,0,0,1027,1,-1,6,-6.43,-6.43,-5.78
699,31.035,57.08,0.2577,0.2966,0,0,1093,1,-1,6,-6.19,-6.19,-5.93
700,31.073,38.18,0.2824,0.3148,2,0,1209,1,-1,6,-7.56,-7.56,-6.5
701,31.125,51.63,0.2827,0.3126,0,0,1392,1,-1,6,-7.39,-7.39,-6.81
702,31.162,37.07,0.28,0.3488,0,0,1856,1,-1,6,-10.11,-10.11,-7.96
703,31.203,41.55,0.2879,0.3474,0,0,2007,1,-1,6,-10.01,-10.01,-8.68
704,31.256,53.18,0.2891,0.3541,0,0,2281,1,-1,6,-10.5,-10.5,-9.32
705,31.296,39.89,0.2984,0.3703,0,0,2410,1,-1,6,-11.72,-11.72,-10.16
706,31.334,38.04,0.3095,0.3869,0,0,2289,1,-1,6,-12.97,-12.97,-11.14
707,31.39,55.4,0.3185,0.4017,0,0,2112,1,-1,6,-14.08,-14.08,-12.17
708,31.44,50.52,0.3087,0.4084,0,0,2040,1,-1,6,-14.58,-14.58,-13.01
709,31.482,41.26,0.3216,0.4313,0,0,1829,1,-1,6,-16.3,-16.3,-14.16
710,31.523,41.35,0.3192,0.4506,0,0,1686,1,-1,6,-17.75,-17.75,-15.42
711,31.573,50.45,0.3295,0.4784,0,0,1481,1,-1,6,-19.83,-19.83,-16.96
712,31.622,48.42,0.326,0.5052,0,0,1252,1,-1,6,-21.84,-20,-18.03
713,31.659,37.61,0.3205,0.5191,0,0,1116,1,-1,6,-22.88,-20,-18.72
714,31.698,38.25,0.3358,0.5383,0,0,809,2,-1,6,-24.32,-20,-19.17
715,31.742,44.52,0.328,0.5557,1,0,197,0,-1,6,-25.63,-20,-19.46
716,31.791,48.83,0.3338,0.5823,0,0,32,0,-1,6,-27.63,-20,-19.65
717,31.842,50.59,0.3345,0.6125,0,0,28,0,-1,6,-29.89,-20,-19.77
718,31.886,44.22,0.3145,0.6341,0,0,39,0,-1,6,-31.51,-20,-19.85
719,31.931,45.68,0.2891,0.647,0,0,41,0,-1,6,-32.47,-20,-19.9
720,31.983,51.87,0.2587,0.6478,0,0,25,0,-1,6,-32.54,-20,-19.94
721,32.035,51.7,0.2355,0.6468,0,0,54,0,-1,6,-32.46,-20,-19.96
722,32.081,45.79,0.2258,0.6457,0,0,42,0,-1,6,-32.38,-20,-19.97
723,32.127,46.65,0.192,0.6258,0,0,39,0,-1,6,-30.88,-20,-19.98
724,32.18,52.52,0.183,0.618,5,0,71,0,-1,6,-30.3,-20,-19.99
725,32.219,38.62,0.1452,0.5691,1,0,181,0,-1,6,-26.63,-20,-19.99
726,32.263,44.21,0.1406,0.5457,5,0,171,0,-1,6,-24.88,-20,-20.0
727,32.307,43.71,0.1432,0.5109,4,0,148,0,-1,6,-22.26,-20,-20.0
728,32.35,43.31,0.1402,0.479,3,0,147,0,-1,6,-19.87,-19.87,-19.95
729,32.4,50.11,0.1548,0.447,2,0,125,0,-1,6,-17.48,-17.48,-19.09
730,32.443,42.64,0.1423,0.4077,6,0,84,0,-1,6,-14.52,-14.52,-17.49
731,32.487,44.86,0.1428,0.4543,0,0,141,0,-1,6,-18.02,-18.02,-17.68
732,32.532,44.25,0.148,0.4498,4,0,137,0,-1,6,-17.69,-17.69,-17.68
733,32.572,40.74,0.1593,0.3772,2,0,65,0,-1,6,-12.24,-12.24,-15.78
734,32.622,49.08,0.1638,0.3645,3,0,89,0,-1,6,-11.29,-11.29,-14.21
735,32.662,40.64,0.1752,0.3208,1,0,51,0,-1,6,-8.01,-8.01,-12.04
736,32.703,41.27,0.1942,0.2752,4,0,53,0,-1,6,-4.59,-4.59,-9.43
737,32.743,39.43,0.183,0.2461,0,0,52,0,-1,6,-2.41,-2.41,-6.97
738,32.785,41.87,0.2012,0.2211,4,0,66,0,-1,6,-0.53,-0.53,-4.72
739,32.824,39.32,0.1984,0.2081,2,0,64,0,-1,6,0.44,0.44,-2.91
740,32.862,38.07,0.2306,0.2043,8,0,77,0,-1,6,0.73,0.73,-1.64
741,32.913,50.51,0.2071,0.1871,1,0,75,0,-1,6,2.02,2.02,-0.36
742,32.951,38.07,0.2172,0.1943,4,0,62,0,-1,6,1.48,1.48,0.28
743,32.99,39.29,0.2216,0.2018,4,0,66,0,-1,6,0.92,0.92,0.5
744,33.035,45.24,0.1908,0.199,4,0,45,0,-1,6,1.13,1.13,0.72
745,33.075,39.89,0.1923,0.2095,3,0,58,0,-1,6,0.34,0.34,0.59
746,33.115,39.6,0.2109,0.2092,0,0,48,0,-1,6,0.36,0.36,0.51
747,33.154,39.66,0.2038,0.2216,2,0,50,0,-1,6,-0.57,-0.57,0.13
748,33.195,40.99,0.1998,0.2168,0,0,59,0,-1,6,-0.21,-0.21,0.01
749,33.248,52.97,0.1858,0.2534,0,0,54,0,-1,6,-2.95,-2.95,-1.03
750,33.29,41.87,0.1791,0.2691,2,0,69,0,-1,6,-4.13,-4.13,-2.11
751,33.326,35.96,0.1688,0.2877,2,0,70,0,-1,6,-5.52,-5.52,-3.31
752,33.364,38.2,0.1653,0.2978,3,0,101,0,-1,6,-6.29,-6.29,-4.35
753,33.411,46.59,0.1527,0.3045,6,0,75,0,-1,6,-6.79,-6.79,-5.2
754,33.463,51.95,0.1469,0.3233,5,0,114,0,-1,6,-8.2,-8.2,-6.25
755,33.499,36.47,0.1487,0.3582,5,0,175,0,-1,6,-10.82,-10.82,-7.85
756,33.546,46.39,0.1276,0.3989,2,0,184,0,-1,6,-13.87,-13.87,-9.96
757,33.589,43.74,0.1319,0.4425,0,0,170,0,-1,6,-17.14,-17.14,-12.47
758,33.639,49.57,0.1533,0.4829,11,0,149,0,-1,6,-20.17,-20,-15.1
759,33.679,39.96,0.1368,0.4612,5,0,193,0,-1,6,-18.54,-18.54,-16.31
760,33.72,41.13,0.1398,0.4698,3,0,219,0,-1,6,-19.19,-19.19,-17.32
761,33.758,37.86,0.1437,0.4701,2,0,201,0,-1,6,-19.21,-19.21,-17.98
762,33.799,41.07,0.1256,0.4595,2,0,167,0,-1,6,-18.41,-18.41,-18.13
763,33.84,41.02,0.1289,0.4312,0,0,154,0,-1,6,-16.29,-16.29,-17.49
764,33.881,41.39,0.134,0.413,1,0,190,0,-1,6,-14.93,-14.93,-16.59
765,33.926,44.85,0.1391,0.3731,16,0,145,0,-1,6,-11.93,-11.93,-14.96
766,33.972,45.78,0.1512,0.3607,10,0,152,0,-1,6,-11.0,-11.0,-13.58
767,34.01,37.38,0.1614,0.2932,10,0,76,0,-1,6,-5.94,-5.94,-10.9
768,34.052,42.36,0.1747,0.2709,16,0,72,0,-1,6,-4.27,-4.27,-8.58
769,34.09,37.93,0.1873,0.2541,12,0,82,0,-1,6,-3.01,-3.01,-6.63
770,34.131,40.86,0.1932,0.2319,3,0,65,0,-1,6,-1.34,-1.34,-4.78
771,34.169,38.38,0.1999,0.2392,6,0,78,0,-1,6,-1.89,-1.89,-3.77
772,34.209,39.54,0.2041,0.2255,5,0,101,0,-1,6,-0.87,-0.87,-2.75
773,34.265,55.99,0.2077,0.2136,6,0,58,0,-1,6,0.03,0.03,-1.78
774,34.314,49.02,0.2043,0.2159,1,0,72,0,-1,6,-0.14,-0.14,-1.2
775,34.367,52.95,0.202,0.198,6,0,88,0,-1,6,1.2,1.2,-0.36
776,34.415,48.87,0.2024,0.2045,2,0,74,0,-1,6,0.71,0.71,0.01
777,34.453,37.9,0.2154,0.1927,5,0,97,0,-1,6,1.59,1.59,0.57
778,34.495,41.87,0.227,0.1862,8,0,52,0,-1,6,2.09,2.09,1.1
779,34.542,46.92,0.2409,0.1851,6,0,78,0,-1,6,2.17,2.17,1.47
780,34.582,39.47,0.2428,0.1827,19,0,88,0,-1,6,2.35,2.35,1.78
781,34.62,38.04,0.2505,0.187,5,0,115,0,-1,6,2.02,2.02,1.87
782,34.659,39.45,0.2498,0.1827,8,0,112,0,-1,6,2.35,2.35,2.04
783,34.72,61.35,0.2485,0.1792,8,0,68,0,-1,6,2.61,2.61,2.24
784,34.758,37.55,0.2366,0.1913,9,0,83,0,-1,6,1.7,1.7,2.05
785,34.802,43.66,0.2396,0.1962,12,0,109,0,-1,6,1.34,1.34,1.8
786,34.849,47.08,0.2452,0.199,24,0,93,0,-1,6,1.13,1.13,1.56
787,34.888,39.25,0.2263,0.1892,28,0,88,0,-1,6,1.86,1.86,1.67
788,34.934,45.59,0.2013,0.1861,34,0,98,0,-1,6,2.09,2.09,1.82
789,34.972,38.93,0.1691,0.2226,79,0,149,0,-1,6,-0.64,-0.64,0.96
790,35.012,39.93,0.1509,0.2112,37,0,138,0,-1,6,0.21,0.21,0.7
791,35.055,43.05,0.1435,0.2126,89,0,118,0,-1,6,0.11,0.11,0.49
792,35.108,52.65,0.1458,0.2175,91,0,130,0,-1,6,-0.26,-0.26,0.23
793,35.156,48.27,0.1502,0.2216,125,0,152,0,-1,6,-0.57,-0.57,-0.05
794,35.194,37.53,0.1557,0.2254,234,0,185,0,-1,6,-0.85,-0.85,-0.33
795,35.245,51.61,0.1536,0.2343,264,0,202,0,-1,6,-1.52,-1.52,-0.75
796,35.29,44.77,0.1627,0.2388,313,0,268,0,-1,6,-1.86,-1.86,-1.14
797,35.344,53.55,0.1639,0.2448,370,0,242,0,-1,6,-2.31,-2.31,-1.55
798,35.387,43.49,0.1748,0.2534,474,0,300,0,-1,6,-2.96,-2.96,-2.04
799,35.44,53.13,0.1775,0.2514,664,0,293,0,-1,6,-2.81,-2.81,-2.31
800,35.484,43.91,0.1759,0.253,828,0,330,0,-1,6,-2.92,-2.92,-2.52
801,35.536,52.1,0.1645,0.2517,1206,1,344,0,-1,6,-2.83,-2.83,-2.63
802,35.572,35.36,0.1772,0.2555,1445,1,444,0,-1,6,-3.12,-3.12,-2.8
803,35.615,43.2,0.1952,0.2659,1950,1,445,0,-1,6,-3.9,-3.9,-3.18
804,35.655,40.3,0.1981,0.2756,2281,1,459,0,-1,6,-4.62,-4.62,-3.69
805,35.695,40.01,0.1976,0.2966,2524,1,514,0,-1,6,-6.2,-6.2,-4.57
806,35.736,41.01,0.1728,0.2754,3351,1,581,0,-1,6,-4.6,-4.6,-4.58
807,35.791,54.7,0.1676,0.3113,2210,1,589,0,-1,6,-7.3,-7.3,-5.53
808,35.831,40.3,0.1889,0.3305,1109,1,684,0,-1,6,-8.74,-8.74,-6.65
809,35.873,41.53,0.179,0.308,740,2,636,0,-1,7,-7.05,-7.05,-6.79
810,35.922,49.35,0.1898,0.3178,496,0,694,0,-1,7,-7.79,-7.79,-7.14
811,35.966,43.56,0.1833,0.2981,200,0,726,0,-1,7,-6.31,-6.31,-6.85
812,36.001,34.93,0.1819,0.287,7,0,845,0,-1,7,-5.47,-5.47,-6.37
813,36.054,53.72,0.1963,0.287,2,0,891,0,-1,7,-5.48,-5.48,-6.06
814,36.094,39.38,0.1906,0.2874,1,0,1035,1,-1,7,-5.51,-5.51,-5.86
815,36.135,41.36,0.192,0.3055,3,0,1112,1,-1,7,-6.86,-6.86,-6.21
816,36.179,43.97,0.1914,0.297,0,0,1331,1,-1,7,-6.23,-6.23,-6.22
817,36.217,37.72,0.1991,0.3071,2,0,1348,1,-1,7,-6.98,-6.98,-6.49
818,36.262,45.55,0.2084,0.3104,2,0,1517,1,-1,7,-7.23,-7.23,-6.75
819,36.302,39.3,0.2127,0.3064,3,0,1759,1,-1,7,-6.93,-6.93,-6.81
820,36.345,43.01,0.2057,0.3367,0,0,1973,1,-1,7,-9.2,-9.2,-7.65
821,36.392,47.08,0.2124,0.3282,1,0,2356,1,-1,7,-8.57,-8.57,-7.97
822,36.457,65.34,0.2148,0.3568,0,0,2575,1,-1,7,-10.71,-10.71,-8.93
823,36.494,36.76,0.2369,0.3564,0,0,2649,1,-1,7,-10.68,-10.68,-9.54
824,36.533,38.87,0.2462,0.3645,0,0,2574,1,-1,7,-11.28,-11.28,-10.15
825,36.591,58.29,0.2427,0.3834,0,0,2492,1,-1,7,-12.7,-12.7,-11.04
826,36.639,47.7,0.2488,0.4011,0,0,2312,1,-1,7,-14.03,-14.03,-12.09
827,36.674,35.78,0.2402,0.4133,0,0,2059,1,-1,7,-14.95,-14.95,-13.09
828,36.724,49.48,0.2373,0.4284,0,0,1699,1,-1,7,-16.08,-16.08,-14.14
829,36.763,38.73,0.2576,0.469,1,0,1640,1,-1,7,-19.12,-19.12,-15.88
830,36.803,40.69,0.2627,0.4741,1,0,1434,1,-1,7,-19.5,-19.5,-17.15
831,36.849,45.41,0.2573,0.4798,0,0,1260,1,-1,7,-19.94,-19.94,-18.13
832,36.902,53.16,0.2626,0.5016,0,0,538,2,-1,7,-21.57,-20,-18.78
833,36.937,35.18,0.2479,0.5194,0,0,151,0,-1,7,-22.9,-20,-19.21
834,36.978,40.79,0.2349,0.5311,0,0,161,0,-1,7,-23.78,-20,-19.49
835,37.02,41.73,0.2243,0.5431,0,0,97,0,-1,7,-24.68,-20,-19.67
836,37.066,46.39,0.2398,0.5443,0,0,142,0,-1,7,-24.77,-20,-19.78
837,37.108,42.46,0.2244,0.56,0,0,161,0,-1,7,-25.95,-20,-19.86
838,37.164,55.29,0.2173,0.5615,0,0,123,0,-1,7,-26.06,-20,-19.91
839,37.204,39.93,0.2047,0.5523,0,0,79,0,-1,7,-25.38,-20,-19.94
840,37.242,37.82,0.18,0.5359,0,0,68,0,-1,7,-24.15,-20,-19.96
841,37.287,45.68,0.1645,0.5056,0,0,85,0,-1,7,-21.87,-20,-19.97
842,37.326,38.63,0.1566,0.4959,1,0,82,0,-1,7,-21.14,-20,-19.98
843,37.363,36.98,0.1438,0.4816,6,0,96,0,-1,7,-20.07,-20,-19.99
844,37.406,43.07,0.1473,0.4505,5,0,76,0,-1,7,-17.74,-17.74,-19.2
845,37.456,50.07,0.1475,0.4489,3,0,72,0,-1,7,-17.62,-17.62,-18.65
846,37.5,44.41,0.1497,0.4227,12,0,109,0,-1,7,-15.65,-15.65,-17.6
847,37.558,57.57,0.1453,0.3959,5,0,107,0,-1,7,-13.64,-13.64,-16.21
848,37.599,41.52,0.1557,0.3369,6,0,148,0,-1,7,-9.22,-9.22,-13.76
849,37.639,39.88,0.1714,0.3088,7,0,203,0,-1,7,-7.11,-7.11,-11.44
850,37.681,41.82,0.1808,0.2814,6,0,226,0,-1,7,-5.06,-5.06,-9.2
851,37.721,39.59,0.1875,0.2561,8,0,172,0,-1,7,-3.16,-3.16,-7.09
852,37.764,43.35,0.2037,0.232,2,0,205,0,-1,7,-1.35,-1.35,-5.08
853,37.808,43.89,0.1981,0.233,5,0,287,0,-1,7,-1.43,-1.43,-3.8
854,37.855,46.92,0.1842,0.2168,5,0,253,0,-1,7,-0.21,-0.21,-2.54
855,37.913,57.88,0.1971,0.2345,5,0,232,0,-1,7,-1.53,-1.53,-2.19
856,37.96,47.28,0.1953,0.2548,13,0,244,0,-1,7,-3.06,-3.06,-2.49
857,37.997,36.51,0.1893,0.2672,4,0,252,0,-1,7,-3.99,-3.99,-3.02
858,38.036,39.42,0.1788,0.2651,0,0,231,0,-1,7,-3.83,-3.83,-3.3
859,38.079,43.4,0.1734,0.2679,3,0,228,0,-1,7,-4.04,-4.04,-3.56
860,38.125,45.11,0.1742,0.2645,1,0,245,0,-1,7,-3.79,-3.79,-3.64
861,38.167,42.95,0.1795,0.2411,6,0,343,0,-1,7,-2.03,-2.03,-3.08
862,38.208,40.81,0.1784,0.2334,9,0,355,0,-1,7,-1.46,-1.46,-2.51
863,38.254,45.81,0.1963,0.2369,2,0,459,0,-1,7,-1.72,-1.72,-2.23
864,38.292,38.29,0.1957,0.2154,3,0,462,0,-1,7,-0.1,-0.1,-1.49
865,38.332,39.99,0.188,0.2143,0,0,470,0,-1,7,-0.02,-0.02,-0.97
866,38.391,58.51,0.1862,0.2166,5,0,483,0,-1,7,-0.2,-0.2,-0.7
867,38.428,37.1,0.18,0.2216,5,0,511,0,-1,7,-0.57,-0.57,-0.66
868,38.467,39.32,0.1735,0.2248,5,0,527,0,-1,7,-0.81,-0.81,-0.71
869,38.51,42.76,0.1716,0.2311,8,0,535,0,-1,7,-1.28,-1.28,-0.91
870,38.548,37.57,0.157,0.237,11,0,496,0,-1,7,-1.73,-1.73,-1.2
871,38.585,37.65,0.152,0.2675,10,0,445,0,-1,7,-4.01,-4.01,-2.18
872,38.629,44.16,0.1512,0.2883,4,0,529,0,-1,7,-5.57,-5.57,-3.37
873,38.676,46.34,0.1554,0.2833,4,0,664,0,-1,7,-5.2,-5.2,-4.01
874,38.717,41.05,0.1566,0.272,3,0,595,0,-1,7,-4.35,-4.35,-4.13
875,38.754,36.83,0.1586,0.2666,6,0,536,0,-1,7,-3.94,-3.94,-4.06
876,38.802,48.31,0.1472,0.2644,4,0,526,0,-1,7,-3.78,-3.78,-3.96
877,38.851,48.6,0.1498,0.2698,12,0,600,0,-1,7,-4.18,-4.18,-4.04
878,38.886,35.86,0.1388,0.2904,17,0,546,0,-1,7,-5.73,-5.73,-4.63
879,38.934,47.07,0.1348,0.3065,3,0,600,0,-1,7,-6.94,-6.94,-5.44
880,38.976,42.73,0.1455,0.2789,4,0,508,0,-1,7,-4.87,-4.87,-5.24
881,39.021,45.12,0.1464,0.2906,7,0,529,0,-1,7,-5.75,-5.75,-5.42
882,39.067,45.29,0.1481,0.2891,5,0,493,0,-1,7,-5.64,-5.64,-5.49
883,39.115,48.74,0.1458,0.2841,6,0,531,0,-1,7,-5.25,-5.25,-5.41
884,39.153,37.68,0.1382,0.286,1,0,473,0,-1,7,-5.4,-5.4,-5.41
885,39.198,45.31,0.1451,0.2892,1,0,498,0,-1,7,-5.64,-5.64,-5.49
886,39.247,48.6,0.1397,0.2868,0,0,430,0,-1,7,-5.46,-5.46,-5.48
887,39.288,40.98,0.1436,0.2917,0,0,385,0,-1,7,-5.83,-5.83,-5.6
888,39.328,39.61,0.1477,0.2909,0,0,295,0,-1,7,-5.76,-5.76,-5.66
889,39.379,51.61,0.1481,0.3024,1,0,357,0,-1,7,-6.63,-6.63,-6.0
890,39.429,49.48,0.1559,0.3017,0,0,358,0,-1,7,-6.58,-6.58,-6.2
891,39.479,50.44,0.1528,0.2885,0,0,239,0,-1,7,-5.59,-5.59,-5.99
892,39.52,41.34,0.1515,0.285,3,0,103,0,-1,7,-5.32,-5.32,-5.76
893,39.562,41.74,0.1521,0.2822,2,0,118,0,-1,7,-5.11,-5.11,-5.53
894,39.608,45.73,0.1466,0.2729,4,0,96,0,-1,7,-4.42,-4.42,-5.14
895,39.644,36.38,0.1498,0.2698,8,0,109,0,-1,7,-4.19,-4.19,-4.81
896,39.701,56.72,0.1495,0.2659,6,0,83,0,-1,7,-3.89,-3.89,-4.49
897,39.738,37.1,0.1736,0.3078,6,0,221,0,-1,7,-7.04,-7.04,-5.38
898,39.779,41.16,0.1777,0.3121,22,0,250,0,-1,7,-7.36,-7.36,-6.07
899,39.824,44.8,0.1661,0.3043,17,0,231,0,-1,7,-6.77,-6.77,-6.32
900,39.861,36.47,0.1638,0.3068,26,0,242,0,-1,7,-6.96,-6.96,-6.54
901,39.912,51.15,0.1725,0.3075,61,0,240,0,-1,7,-7.01,-7.01,-6.71
902,39.961,49.01,0.1712,0.3077,67,0,205,0,-1,7,-7.02,-7.02,-6.82
903,39.997,36.19,0.1768,0.3068,104,0,155,0,-1,7,-6.96,-6.96,-6.87
904,40.039,42.0,0.177,0.3033,147,0,122,0,-1,7,-6.7,-6.7,-6.81
905,40.076,37.39,0.1796,0.3203,167,0,181,0,-1,7,-7.97,-7.97,-7.22
906,40.121,44.87,0.2001,0.3423,158,0,233,0,-1,7,-9.63,-9.63,-8.06
907,40.165,43.48,0.193,0.3372,231,0,201,0,-1,7,-9.24,-9.24,-8.47
908,40.211,46.49,0.1938,0.3349,269,0,194,0,-1,7,-9.07,-9.07,-8.68
909,40.247,36.21,0.1969,0.3505,286,0,233,0,-1,7,-10.24,-10.24,-9.23
910,40.29,42.54,0.2102,0.3572,337,0,259,0,-1,7,-10.74,-10.74,-9.76
911,40.339,49.17,0.2045,0.3581,345,0,234,0,-1,7,-10.81,-10.81,-10.12
912,40.385,46.25,0.2105,0.3513,435,0,333,0,-1,7,-10.29,-10.29,-10.18
913,40.426,41.16,0.2023,0.3204,647,0,242,0,-1,7,-7.98,-7.98,-9.41
914,40.465,38.72,0.1924,0.3133,876,1,97,0,-1,7,-7.45,-7.45,-8.72
915,40.509,44.07,0.1935,0.2771,1008,1,84,0,-1,7,-4.73,-4.73,-7.33
916,40.561,51.89,0.1733,0.2756,1269,1,129,0,-1,7,-4.62,-4.62,-6.38
917,40.606,45.13,0.1762,0.266,1704,1,138,0,-1,7,-3.9,-3.9,-5.51
918,40.651,44.67,0.1775,0.2674,1992,1,134,0,-1,7,-4.01,-4.01,-4.99
919,40.7,49.45,0.1752,0.267,2205,1,158,0,-1,7,-3.98,-3.98,-4.63
920,40.741,40.55,0.1849,0.2658,2927,1,145,0,-1,7,-3.88,-3.88,-4.37
921,40.801,59.63,0.1901,0.2743,3342,1,214,0,-1,7,-4.52,-4.52,-4.42
922,40.837,36.65,0.1791,0.2656,2115,1,229,0,-1,7,-3.87,-3.87,-4.23
923,40.879,41.9,0.2009,0.2812,1250,1,277,0,-1,7,-5.04,-5.04,-4.52
924,40.917,38.14,0.1952,0.2848,656,2,297,0,-1,8,-5.31,-5.31,-4.79
925,40.955,38.2,0.2112,0.297,403,0,337,0,-1,8,-6.22,-6.22,-5.29
926,41.005,49.63,0.2106,0.3026,68,0,364,0,-1,8,-6.64,-6.64,-5.77
927,41.052,46.74,0.2117,0.3081,0,0,370,0,-1,8,-7.06,-7.06,-6.22
928,41.104,52.56,0.223,0.3039,0,0,466,0,-1,8,-6.74,-6.74,-6.4
929,41.153,48.38,0.2335,0.3237,0,0,528,0,-1,8,-8.23,-8.23,-7.04
930,41.192,38.81,0.2185,0.32,0,0,616,0,-1,8,-7.95,-7.95,-7.36
931,41.233,41.79,0.2263,0.3285,0,0,629,0,-1,8,-8.59,-8.59,-7.79
932,41.275,41.82,0.2227,0.3399,0,0,815,0,-1,8,-9.44,-9.44,-8.37
933,41.324,49.31,0.2273,0.3571,0,0,892,0,-1,8,-10.73,-10.73,-9.2
934,41.379,54.9,0.2158,0.3647,0,0,1034,1,-1,8,-11.3,-11.3,-9.93
935,41.417,37.21,0.2068,0.3697,0,0,1313,1,-1,8,-11.68,-11.68,-10.54
936,41.462,45.0,0.2025,0.3774,0,0,1601,1,-1,8,-12.26,-12.26,-11.14
937,41.503,41.62,0.1845,0.3709,0,0,2018,1,-1,8,-11.76,-11.76,-11.36
938,41.55,46.41,0.1906,0.3834,0,0,2208,1,-1,8,-12.7,-12.7,-11.83
939,41.598,48.82,0.2066,0.3978,0,0,2647,1,-1,8,-13.79,-13.79,-12.51
940,41.646,47.73,0.1982,0.4081,0,0,3267,1,-1,8,-14.56,-14.56,-13.23
941,41.693,46.39,0.1963,0.4135,0,0,3993,1,-1,8,-14.96,-14.96,-13.84
942,41.736,43.36,0.1953,0.4216,0,0,3315,1,-1,8,-15.57,-15.57,-14.44
943,41.777,40.99,0.192,0.4245,0,0,1684,1,-1,8,-15.78,-15.78,-14.91
944,41.829,51.69,0.1903,0.4341,0,0,1196,1,-1,8,-16.5,-16.5,-15.47
945,41.872,43.17,0.1737,0.4163,0,0,292,2,-1,8,-15.17,-15.17,-15.36
946,41.912,39.97,0.1709,0.411,2,0,241,0,-1,8,-14.78,-14.78,-15.16
947,41.954,42.05,0.1623,0.4046,2,0,235,0,-1,8,-14.3,-14.3,-14.86
948,42.003,49.36,0.1573,0.4068,2,0,172,0,-1,8,-14.46,-14.46,-14.72
949,42.063,60.16,0.153,0.4116,1,0,178,0,-1,8,-14.82,-14.82,-14.75
950,42.101,37.69,0.155,0.3913,10,0,80,0,-1,8,-13.3,-13.3,-14.24
951,42.149,47.53,0.1652,0.3758,1,0,54,0,-1,8,-12.13,-12.13,-13.51
952,42.19,41.49,0.1627,0.3561,7,0,65,0,-1,8,-10.66,-10.66,-12.51
953,42.235,44.68,0.1678,0.344,2,0,70,0,-1,8,-9.75,-9.75,-11.54
954,42.286,51.54,0.1818,0.3122,8,0,51,0,-1,8,-7.36,-7.36,-10.08
955,42.326,40.02,0.1831,0.2899,0,0,55,0,-1,8,-5.69,-5.69,-8.55
956,42.369,42.94,0.1861,0.2766,2,0,38,0,-1,8,-4.7,-4.7,-7.2
957,42.411,41.5,0.1645,0.2636,3,0,72,0,-1,8,-3.72,-3.72,-5.98
958,42.453,42.05,0.1817,0.2536,2,0,41,0,-1,8,-2.97,-2.97,-4.93
959,42.501,48.3,0.1734,0.2516,10,0,41,0,-1,8,-2.82,-2.82,-4.19
960,42.539,37.84,0.1737,0.2407,5,0,53,0,-1,8,-2.0,-2.0,-3.42
961,42.588,48.83,0.1964,0.2591,8,0,62,0,-1,8,-3.39,-3.39,-3.41
962,42.639,50.82,0.1946,0.2546,9,0,71,0,-1,8,-3.05,-3.05,-3.28
963,42.683,44.55,0.1916,0.2491,7,0,58,0,-1,8,-2.63,-2.63,-3.05
964,42.731,48.39,0.1877,0.2349,5,0,66,0,-1,8,-1.57,-1.57,-2.53
965,42.787,55.58,0.1854,0.2405,5,0,70,0,-1,8,-1.99,-1.99,-2.34
966,42.823,36.27,0.2124,0.2288,19,0,57,0,-1,8,-1.11,-1.11,-1.91
967,42.864,40.98,0.1807,0.2018,10,0,85,0,-1,8,0.92,0.92,-0.92
968,42.908,43.47,0.1781,0.2026,8,0,80,0,-1,8,0.86,0.86,-0.3
969,42.95,41.94,0.1868,0.2143,15,0,70,0,-1,8,-0.02,-0.02,-0.2
970,42.997,47.61,0.2029,0.2238,12,0,79,0,-1,8,-0.73,-0.73,-0.39
971,43.041,44.14,0.1987,0.2282,12,0,61,0,-1,8,-1.07,-1.07,-0.62
972,43.092,50.75,0.1991,0.2305,15,0,63,0,-1,8,-1.24,-1.24,-0.84
973,43.13,38.0,0.1885,0.2478,19,0,66,0,-1,8,-2.54,-2.54,-1.43
974,43.173,42.35,0.1899,0.2555,26,0,60,0,-1,8,-3.12,-3.12,-2.02
975,43.215,42.39,0.1863,0.2659,12,0,39,0,-1,8,-3.89,-3.89,-2.68
976,43.258,43.15,0.1797,0.2813,20,0,58,0,-1,8,-5.05,-5.05,-3.51
977,43.304,45.89,0.1774,0.2977,23,0,39,0,-1,8,-6.27,-6.27,-4.48
978,43.354,49.92,0.172,0.3085,15,0,44,0,-1,8,-7.09,-7.09,-5.39
979,43.396,41.75,0.1666,0.3237,14,0,25,0,-1,8,-8.23,-8.23,-6.38
980,43.437,41.17,0.1621,0.3312,11,0,41,0,-1,8,-8.79,-8.79,-7.23
981,43.482,45.2,0.153,0.3323,15,0,59,0,-1,8,-8.88,-8.88,-7.8
982,43.534,51.83,0.1469,0.3632,21,0,25,0,-1,8,-11.19,-11.19,-8.99
983,43.588,53.85,0.152,0.3523,22,0,29,0,-1,8,-10.37,-10.37,-9.47
984,43.625,36.87,0.1573,0.3719,29,0,37,0,-1,8,-11.84,-11.84,-10.3
985,43.665,40.59,0.1569,0.3709,23,0,34,0,-1,8,-11.76,-11.76,-10.81
986,43.71,44.33,0.1595,0.3658,25,0,31,0,-1,8,-11.38,-11.38,-11.01
987,43.752,42.45,0.1518,0.367,14,0,21,0,-1,8,-11.48,-11.48,-11.18
988,43.806,53.72,0.1556,0.3533,15,0,43,0,-1,8,-10.45,-10.45,-10.92
989,43.85,44.2,0.1529,0.3358,11,0,34,0,-1,8,-9.13,-9.13,-10.29
990,43.892,42.14,0.1527,0.3323,9,0,37,0,-1,8,-8.87,-8.87,-9.8
991,43.933,40.97,0.1522,0.3223,20,0,47,0,-1,8,-8.12,-8.12,-9.21
992,43.977,43.58,0.156,0.2973,17,0,72,0,-1,8,-6.24,-6.24,-8.17
993,44.022,45.39,0.1679,0.3056,15,0,56,0,-1,8,-6.87,-6.87,-7.72
994,44.061,39.05,0.1649,0.2805,24,0,71,0,-1,8,-4.99,-4.99,-6.76
995,44.103,42.3,0.1658,0.258,28,0,100,0,-1,8,-3.3,-3.3,-5.55
996,44.157,53.28,0.1833,0.2462,32,0,113,0,-1,8,-2.42,-2.42,-4.45
997,44.206,48.88,0.1588,0.2175,23,0,131,0,-1,8,-0.26,-0.26,-2.99
998,44.244,38.74,0.1519,0.2458,27,0,96,0,-1,8,-2.38,-2.38,-2.78
999,44.285,40.84,0.1462,0.307,6,0,46,0,-1,8,-6.98,-6.98,-4.25
1000,44.325,40.38,0.1795,0.3535,9,0,36,0,-1,8,-10.46,-10.46,-6.42
1001,44.374,48.34,0.1516,0.3365,12,0,34,0,-1,8,-9.19,-9.19,-7.39
1002,44.421,47.68,0.1554,0.3469,2,0,31,0,-1,8,-9.97,-9.97,-8.29
1003,44.461,39.45,0.1523,0.3496,7,0,32,0,-1,8,-10.17,-10.17,-8.95
1004,44.502,40.71,0.1551,0.365,9,0,30,0,-1,8,-11.32,-11.32,-9.78
1005,44.543,41.38,0.1494,0.3612,7,0,21,0,-1,8,-11.04,-11.04,-10.22
1006,44.592,48.76,0.1592,0.3595,9,0,26,0,-1,8,-10.91,-10.91,-10.46
1007,44.629,37.24,0.1605,0.3687,5,0,36,0,-1,8,-11.6,-11.6,-10.86
1008,44.674,44.68,0.1627,0.3555,9,0,51,0,-1,8,-10.62,-10.62,-10.77
1009,44.72,45.85,0.155,0.3254,26,0,106,0,-1,8,-8.35,-8.35,-9.93
1010,44.76,40.08,0.1638,0.2853,31,0,135,0,-1,8,-5.35,-5.35,-8.32
1011,44.808,48.07,0.1588,0.2735,44,0,183,0,-1,8,-4.46,-4.46,-6.97
1012,44.846,38.62,0.1561,0.2487,48,0,141,0,-1,8,-2.61,-2.61,-5.44
1013,44.886,39.18,0.1542,0.2411,67,0,183,0,-1,8,-2.03,-2.03,-4.25
1014,44.933,47.68,0.1491,0.2366,85,0,91,0,-1,8,-1.7,-1.7,-3.36
1015,44.976,42.6,0.1476,0.2322,101,0,78,0,-1,8,-1.36,-1.36,-2.66
1016,45.032,56.45,0.1457,0.2316,106,0,95,0,-1,8,-1.32,-1.32,-2.19
1017,45.074,41.46,0.141,0.2241,179,0,86,0,-1,8,-0.75,-0.75,-1.69
1018,45.121,47.24,0.1448,0.2112,208,0,73,0,-1,8,0.21,0.21,-1.03
1019,45.162,40.75,0.1441,0.2205,240,0,40,0,-1,8,-0.49,-0.49,-0.84
1020,45.209,47.53,0.1509,0.2278,296,0,24,0,-1,8,-1.04,-1.04,-0.91
1021,45.262,52.47,0.1463,0.2134,370,0,30,0,-1,8,0.04,0.04,-0.57
1022,45.3,38.49,0.1537,0.2364,416,0,31,0,-1,8,-1.68,-1.68,-0.96
1023,45.341,40.57,0.1605,0.2328,464,0,38,0,-1,8,-1.41,-1.41,-1.12
1024,45.392,51.35,0.1498,0.2288,539,0,34,0,-1,8,-1.11,-1.11,-1.12
1025,45.436,43.66,0.1686,0.2403,600,0,72,0,-1,8,-1.97,-1.97,-1.42
1026,45.48,44.58,0.1767,0.235,672,0,98,0,-1,8,-1.57,-1.57,-1.47
1027,45.523,42.26,0.1773,0.2249,731,0,96,0,-1,8,-0.82,-0.82,-1.24
1028,45.579,56.2,0.1657,0.2312,877,1,59,0,-1,8,-1.29,-1.29,-1.26
1029,45.622,42.79,0.1859,0.2461,1088,1,46,0,-1,8,-2.41,-2.41,-1.66
1030,45.66,38.65,0.1789,0.2504,1273,1,59,0,-1,8,-2.73,-2.73,-2.03
1031,45.71,49.78,0.1803,0.2435,1415,1,40,0,-1,8,-2.21,-2.21,-2.1
1032,45.76,50.23,0.1834,0.2538,1744,1,60,0,-1,8,-2.99,-2.99,-2.41
1033,45.8,39.83,0.1932,0.257,1875,1,80,0,-1,8,-3.23,-3.23,-2.7
1034,45.841,41.13,0.2145,0.2626,2182,1,113,0,-1,8,-3.64,-3.64,-3.03
1035,45.888,47.13,0.2045,0.2507,2475,1,115,0,-1,8,-2.75,-2.75,-2.93
1036,45.932,43.94,0.1911,0.2577,3030,1,101,0,-1,8,-3.28,-3.28,-3.05
1037,45.969,36.64,0.209,0.2648,3624,1,134,0,-1,8,-3.81,-3.81,-3.32
1038,46.008,38.74,0.2077,0.2698,3290,1,144,0,-1,8,-4.18,-4.18,-3.62
1039,46.065,56.88,0.214,0.2712,1798,1,188,0,-1,8,-4.29,-4.29,-3.86
1040,46.103,38.22,0.2184,0.272,1372,1,230,0,-1,8,-4.35,-4.35,-4.03
1041,46.149,46.45,0.2191,0.271,1003,1,239,0,-1,8,-4.28,-4.28,-4.11
1042,46.201,52.24,0.2284,0.2788,761,2,262,0,-1,9,-4.86,-4.86,-4.38
1043,46.241,39.17,0.2309,0.2738,233,0,340,0,-1,9,-4.49,-4.49,-4.42
1044,46.287,46.84,0.228,0.2807,23,0,313,0,-1,9,-5.0,-5.0,-4.62
1045,46.329,41.17,0.2425,0.2956,0,0,380,0,-1,9,-6.12,-6.12,-5.15
1046,46.379,50.76,0.2424,0.2945,2,0,418,0,-1,9,-6.03,-6.03,-5.46
1047,46.433,53.58,0.2519,0.2984,0,0,491,0,-1,9,-6.33,-6.33,-5.76
1048,46.472,38.79,0.2426,0.3138,0,0,591,0,-1,9,-7.49,-7.49,-6.37
1049,46.509,37.37,0.2389,0.3203,0,0,725,0,-1,9,-7.97,-7.97,-6.93
1050,46.552,43.28,0.2417,0.3246,0,0,798,0,-1,9,-8.3,-8.3,-7.41
1051,46.603,50.34,0.2441,0.3372,0,0,950,1,-1,9,-9.24,-9.24,-8.05
1052,46.643,40.55,0.2534,0.3535,0,0,1120,1,-1,9,-10.46,-10.46,-8.89
1053,46.69,46.49,0.2502,0.3544,2,0,1250,1,-1,9,-10.53,-10.53,-9.47
1054,46.729,39.49,0.2468,0.3742,0,0,1507,1,-1,9,-12.02,-12.02,-10.36
1055,46.769,39.46,0.2662,0.3862,0,0,1787,1,-1,9,-12.91,-12.91,-11.25
1056,46.813,44.58,0.2748,0.3986,1,0,1969,1,-1,9,-13.84,-13.84,-12.16
1057,46.864,50.59,0.2698,0.416,1,0,2428,1,-1,9,-15.15,-15.15,-13.21
1058,46.901,37.16,0.2505,0.4365,0,0,2822,1,-1,9,-16.69,-16.69,-14.42
1059,46.941,39.71,0.2617,0.4515,1,0,2110,1,-1,9,-17.81,-17.81,-15.61
1060,46.982,41.47,0.2595,0.4654,0,0,1809,1,-1,9,-18.85,-18.85,-16.75
1061,47.026,43.43,0.2548,0.4701,0,0,1439,1,-1,9,-19.21,-19.21,-17.61
1062,47.071,45.37,0.2359,0.4786,0,0,1293,1,-1,9,-19.84,-19.84,-18.39
1063,47.111,39.45,0.2266,0.5026,0,0,762,2,-1,9,-21.64,-20,-18.95
1064,47.15,39.06,0.2136,0.507,1,0,209,0,-1,9,-21.97,-20,-19.32
1065,47.193,43.28,0.2087,0.5091,3,0,22,0,-1,9,-22.14,-20,-19.56
1066,47.23,37.24,0.1941,0.5127,1,0,23,0,-1,9,-22.4,-20,-19.71
1067,47.273,42.69,0.1777,0.4976,4,0,25,0,-1,9,-21.27,-20,-19.81
1068,47.317,43.78,0.1417,0.4836,3,0,43,0,-1,9,-20.22,-20,-19.88
1069,47.359,42.28,0.1184,0.4949,4,0,49,0,-1,9,-21.07,-20,-19.92
1070,47.412,52.83,0.1585,0.4779,1,0,47,0,-1,9,-19.79,-19.79,-19.88
1071,47.449,37.53,0.1652,0.491,4,0,36,0,-1,9,-20.78,-20,-19.92
1072,47.489,39.87,0.1665,0.4909,4,0,27,0,-1,9,-20.77,-20,-19.95
1073,47.528,39.32,0.147,0.4709,0,0,42,0,-1,9,-19.26,-19.26,-19.71
1074,47.575,46.25,0.1402,0.462,10,0,52,0,-1,9,-18.6,-18.6,-19.32
1075,47.617,42.15,0.1412,0.4545,5,0,49,0,-1,9,-18.04,-18.04,-18.87
1076,47.662,44.91,0.1448,0.4437,9,0,63,0,-1,9,-17.23,-17.23,-18.3
1077,47.71,48.02,0.1502,0.4067,4,0,50,0,-1,9,-14.45,-14.45,-16.95
1078,47.755,45.72,0.1566,0.4019,7,0,63,0,-1,9,-14.09,-14.09,-15.95
1079,47.803,47.09,0.1464,0.3655,5,0,62,0,-1,9,-11.36,-11.36,-14.34
1080,47.842,39.6,0.1663,0.3495,7,0,63,0,-1,9,-10.16,-10.16,-12.88
1081,47.901,58.48,0.1693,0.3339,16,0,64,0,-1,9,-8.99,-8.99,-11.52
1082,47.94,39.3,0.1847,0.3141,12,0,98,0,-1,9,-7.5,-7.5,-10.11
1083,47.982,41.59,0.188,0.2977,5,0,83,0,-1,9,-6.27,-6.27,-8.77
1084,48.032,50.69,0.1929,0.2728,12,0,76,0,-1,9,-4.41,-4.41,-7.24
1085,48.076,44.17,0.1943,0.2648,21,0,62,0,-1,9,-3.81,-3.81,-6.04
1086,48.123,46.51,0.1991,0.2667,17,0,73,0,-1,9,-3.95,-3.95,-5.31
1087,48.165,42.51,0.1909,0.269,16,0,76,0,-1,9,-4.12,-4.12,-4.9
1088,48.205,39.98,0.1885,0.2766,29,0,89,0,-1,9,-4.7,-4.7,-4.83
1089,48.255,49.35,0.1841,0.278,16,0,85,0,-1,9,-4.8,-4.8,-4.82
1090,48.307,52.19,0.164,0.2793,6,0,56,0,-1,9,-4.9,-4.9,-4.85
1091,48.343,35.81,0.1718,0.2964,8,0,69,0,-1,9,-6.18,-6.18,-5.31
1092,48.388,45.5,0.1721,0.3025,22,0,61,0,-1,9,-6.64,-6.64,-5.78
1093,48.434,45.74,0.1793,0.3063,14,0,67,0,-1,9,-6.92,-6.92,-6.18
1094,48.489,54.79,0.177,0.319,3,0,69,0,-1,9,-7.87,-7.87,-6.77
1095,48.528,38.9,0.1762,0.3081,10,0,82,0,-1,9,-7.06,-7.06,-6.87
1096,48.567,39.37,0.1837,0.3038,20,0,74,0,-1,9,-6.73,-6.73,-6.82
1097,48.612,44.54,0.1884,0.2761,13,0,64,0,-1,9,-4.66,-4.66,-6.06
1098,48.654,42.1,0.1805,0.2938,12,0,69,0,-1,9,-5.98,-5.98,-6.04
1099,48.71,56.26,0.1826,0.3087,17,0,104,0,-1,9,-7.1,-7.1,-6.41
1100,48.751,40.94,0.1515,0.3277,5,0,82,0,-1,9,-8.53,-8.53,-7.15
1101,48.798,47.11,0.1534,0.3836,11,0,87,0,-1,9,-12.72,-12.72,-9.1
1102,48.848,49.54,0.1393,0.4088,6,0,70,0,-1,9,-14.61,-14.61,-11.03
1103,48.887,39.08,0.1517,0.4339,15,0,28,0,-1,9,-16.49,-16.49,-12.94
1104,48.927,39.99,0.1507,0.4455,5,0,16,0,-1,9,-17.37,-17.37,-14.49
1105,48.967,40.14,0.157,0.4466,9,0,57,0,-1,9,-17.44,-17.44,-15.52
1106,49.008,41.67,0.146,0.4282,6,0,58,0,-1,9,-16.07,-16.07,-15.71
1107,49.055,46.2,0.1516,0.4136,6,0,73,0,-1,9,-14.97,-14.97,-15.45
1108,49.117,62.86,0.1519,0.3791,11,0,106,0,-1,9,-12.38,-12.38,-14.38
1109,49.164,46.94,0.1575,0.3286,19,0,97,0,-1,9,-8.59,-8.59,-12.35
1110,49.21,45.47,0.1762,0.3009,11,0,105,0,-1,9,-6.52,-6.52,-10.31
1111,49.262,52.61,0.1948,0.2633,14,0,81,0,-1,9,-3.7,-3.7,-8.0
1112,49.304,41.28,0.1963,0.2337,27,0,96,0,-1,9,-1.48,-1.48,-5.71
1113,49.342,38.01,0.2013,0.2274,9,0,92,0,-1,9,-1.01,-1.01,-4.07
1114,49.392,50.32,0.2045,0.2198,12,0,96,0,-1,9,-0.44,-0.44,-2.8
1115,49.437,44.87,0.2034,0.2124,11,0,93,0,-1,9,0.12,0.12,-1.78
1116,49.475,38.28,0.2076,0.2121,23,0,89,0,-1,9,0.14,0.14,-1.1
1117,49.52,44.27,0.197,0.2138,6,0,98,0,-1,9,0.01,0.01,-0.71
1118,49.568,48.78,0.2023,0.227,9,0,73,0,-1,9,-0.97,-0.97,-0.8
1119,49.623,54.54,0.2044,0.2376,12,0,65,0,-1,9,-1.77,-1.77,-1.14
1120,49.658,35.64,0.1846,0.2408,15,0,64,0,-1,9,-2.01,-2.01,-1.44
1121,49.698,39.06,0.1892,0.2505,19,0,93,0,-1,9,-2.74,-2.74,-1.9
1122,49.746,48.78,0.1856,0.2611,18,0,102,0,-1,9,-3.53,-3.53,-2.47
1123,49.792,45.53,0.1735,0.2709,21,0,107,0,-1,9,-4.27,-4.27,-3.1
1124,49.837,45.23,0.1641,0.288,15,0,63,0,-1,9,-5.55,-5.55,-3.96
1125,49.889,52.25,0.1533,0.307,10,0,44,0,-1,9,-6.97,-6.97,-5.01
1126,49.933,43.95,0.1588,0.3433,1,0,39,0,-1,9,-9.7,-9.7,-6.65
1127,49.981,47.52,0.1708,0.353,7,0,30,0,-1,9,-10.43,-10.43,-7.97
1128,50.039,58.07,0.1718,0.3361,6,0,32,0,-1,9,-9.16,-9.16,-8.39
1129,50.081,41.73,0.1579,0.2891,11,0,43,0,-1,9,-5.64,-5.64,-7.42
1130,50.12,39.37,0.1602,0.292,9,0,35,0,-1,9,-5.85,-5.85,-6.87
1131,50.167,47.3,0.1569,0.2898,7,0,35,0,-1,9,-5.69,-5.69,-6.46
1132,50.219,51.46,0.1535,0.2838,21,0,33,0,-1,9,-5.24,-5.24,-6.03
1133,50.256,36.93,0.1523,0.2792,7,0,42,0,-1,9,-4.89,-4.89,-5.63
1134,50.302,45.91,0.1564,0.2788,19,0,41,0,-1,9,-4.86,-4.86,-5.36
1135,50.352,49.96,0.1661,0.2811,18,0,44,0,-1,9,-5.03,-5.03,-5.25
1136,50.398,46.34,0.162,0.2756,25,0,41,0,-1,9,-4.62,-4.62,-5.03
1137,50.435,37.29,0.164,0.2702,31,0,42,0,-1,9,-4.21,-4.21,-4.74
1138,50.482,46.91,0.1528,0.2555,50,0,47,0,-1,9,-3.11,-3.11,-4.17
1139,50.523,40.52,0.1527,0.2598,47,0,47,0,-1,9,-3.44,-3.44,-3.91
1140,50.564,41.38,0.1655,0.2696,76,0,56,0,-1,9,-4.17,-4.17,-4.0
1141,50.606,41.6,0.1556,0.2641,80,0,54,0,-1,9,-3.76,-3.76,-3.92
1142,50.656,50.14,0.1649,0.2745,116,0,48,0,-1,9,-4.54,-4.54,-4.14
1143,50.702,46.53,0.1828,0.2826,136,0,46,0,-1,9,-5.14,-5.14,-4.49
1144,50.74,38.19,0.1731,0.2723,201,0,46,0,-1,9,-4.37,-4.37,-4.45
1145,50.78,39.72,0.1732,0.2616,256,0,45,0,-1,9,-3.57,-3.57,-4.14
1146,50.832,51.45,0.154,0.2474,322,0,50,0,-1,9,-2.51,-2.51,-3.57
1147,50.89,58.04,0.1713,0.2921,329,0,72,0,-1,9,-5.86,-5.86,-4.37
1148,50.926,36.31,0.195,0.3339,319,0,55,0,-1,9,-8.99,-8.99,-5.99
1149,50.967,41.38,0.2125,0.3466,366,0,76,0,-1,9,-9.95,-9.95,-7.37
1150,51.022,54.41,0.2098,0.3427,437,0,50,0,-1,9,-9.66,-9.66,-8.17
1151,51.07,47.92,0.2188,0.3485,481,0,54,0,-1,9,-10.09,-10.09,-8.84
1152,51.106,36.67,0.2157,0.3491,598,0,69,0,-1,9,-10.13,-10.13,-9.29
1153,51.157,50.88,0.2192,0.337,655,0,77,0,-1,9,-9.23,-9.23,-9.27
1154,51.199,41.54,0.2268,0.3395,850,1,84,0,-1,9,-9.41,-9.41,-9.32
1155,51.245,45.85,0.223,0.3286,963,1,90,0,-1,9,-8.59,-8.59,-9.07
1156,51.292,46.98,0.2273,0.3341,1197,1,100,0,-1,9,-9.0,-9.0,-9.04
1157,51.331,39.24,0.2241,0.3244,1449,1,112,0,-1,9,-8.28,-8.28,-8.78
1158,51.381,49.84,0.2228,0.3209,1649,1,104,0,-1,9,-8.01,-8.01,-8.51
1159,51.423,41.96,0.2391,0.3266,2033,1,120,0,-1,9,-8.44,-8.44,-8.49
1160,51.467,44.56,0.2352,0.3235,2464,1,127,0,-1,9,-8.21,-8.21,-8.39
1161,51.508,41.25,0.2328,0.3154,3110,1,130,0,-1,9,-7.6,-7.6,-8.12
1162,51.55,41.42,0.2363,0.3137,2688,1,156,0,-1,9,-7.48,-7.48,-7.89
1163,51.607,56.73,0.2234,0.303,1661,1,187,0,-1,9,-6.67,-6.67,-7.46
1164,51.659,52.34,0.2073,0.2876,998,1,259,0,-1,9,-5.52,-5.52,-6.78
1165,51.697,37.6,0.2172,0.2926,588,2,291,0,-1,10,-5.89,-5.89,-6.47
1166,51.737,40.89,0.223,0.2977,306,0,283,0,-1,10,-6.28,-6.28,-6.4
1167,51.795,57.26,0.2389,0.3141,68,0,307,0,-1,10,-7.5,-7.5,-6.79
1168,51.832,37.27,0.2345,0.3027,0,0,357,0,-1,10,-6.66,-6.66,-6.74
1169,51.875,43.23,0.2416,0.3179,0,0,440,0,-1,10,-7.79,-7.79,-7.11
1170,51.919,44.15,0.2324,0.3107,0,0,469,0,-1,10,-7.25,-7.25,-7.16
1171,51.966,46.39,0.238,0.333,0,0,546,0,-1,10,-8.92,-8.92,-7.78
1172,52.011,45.51,0.2428,0.3449,0,0,631,0,-1,10,-9.82,-9.82,-8.49
1173,52.052,41.17,0.2362,0.3636,0,0,816,0,-1,10,-11.22,-11.22,-9.45
1174,52.1,47.65,0.2221,0.3677,0,0,927,0,-1,10,-11.52,-11.52,-10.17
1175,52.139,38.69,0.243,0.388,2,0,1054,1,-1,10,-13.05,-13.05,-11.18
1176,52.177,37.94,0.2374,0.3971,0,0,1295,1,-1,10,-13.73,-13.73,-12.07
1177,52.227,50.5,0.2384,0.4057,0,0,1461,1,-1,10,-14.38,-14.38,-12.88
1178,52.271,44.1,0.2344,0.4145,1,0,1763,1,-1,10,-15.03,-15.03,-13.63
1179,52.319,47.37,0.2321,0.4274,0,0,2229,1,-1,10,-16.01,-16.01,-14.46
1180,52.368,49.7,0.2258,0.4402,0,0,2805,1,-1,10,-16.97,-16.97,-15.34
1181,52.405,36.48,0.253,0.4613,0,0,3143,1,-1,10,-18.55,-18.55,-16.46
1182,52.445,40.42,0.2712,0.4796,0,0,3248,1,-1,10,-19.92,-19.92,-17.67
1183,52.505,60.13,0.2742,0.509,0,0,2496,1,-1,10,-22.12,-20,-18.49
1184,52.55,44.38,0.2685,0.5238,0,0,1740,1,-1,10,-23.23,-20,-19.02
1185,52.593,43.58,0.2617,0.5355,0,0,1369,1,-1,10,-24.12,-20,-19.36
1186,52.638,44.92,0.2491,0.5443,0,0,862,2,-1,10,-24.77,-20,-19.58
1187,52.681,42.82,0.2364,0.5498,0,0,289,0,-1,10,-25.18,-20,-19.73
1188,52.723,42.26,0.2357,0.5565,0,0,46,0,-1,10,-25.69,-20,-19.82
1189,52.765,42.0,0.2143,0.5595,0,0,41,0,-1,10,-25.91,-20,-19.89
1190,52.808,42.85,0.1941,0.5538,0,0,49,0,-1,10,-25.49,-20,-19.93
1191,52.851,42.47,0.1941,0.5572,0,0,40,0,-1,10,-25.74,-20,-19.95
1192,52.892,41.54,0.1905,0.5565,0,0,50,0,-1,10,-25.69,-20,-19.97
1193,52.946,53.46,0.1664,0.5358,4,0,148,0,-1,10,-24.13,-20,-19.98
1194,52.985,38.86,0.1486,0.5156,3,0,162,0,-1,10,-22.62,-20,-19.99
1195,53.025,40.37,0.1441,0.5246,1,0,143,0,-1,10,-23.3,-20,-19.99
1196,53.07,44.83,0.1573,0.5521,1,0,175,0,-1,10,-25.36,-20,-19.99
1197,53.117,47.06,0.1493,0.5398,2,0,188,0,-1,10,-24.44,-20,-20.0
1198,53.161,43.88,0.1433,0.491,0,0,208,0,-1,10,-20.78,-20,-20.0
1199,53.213,52.32,0.1491,0.4649,5,0,176,0,-1,10,-18.82,-18.82,-19.59
1200,53.254,40.59,0.1652,0.4136,5,0,90,0,-1,10,-14.97,-14.97,-17.97
1201,53.293,39.62,0.1621,0.3761,3,0,77,0,-1,10,-12.16,-12.16,-15.94
1202,53.335,41.91,0.1822,0.3417,3,0,96,0,-1,10,-9.58,-9.58,-13.71
1203,53.377,42.12,0.1692,0.2835,3,0,56,0,-1,10,-5.21,-5.21,-10.74
1204,53.422,44.7,0.1909,0.2884,0,0,83,0,-1,10,-5.58,-5.58,-8.93
1205,53.466,44.26,0.2048,0.2697,4,0,65,0,-1,10,-4.18,-4.18,-7.27
1206,53.515,48.98,0.2081,0.248,1,0,101,0,-1,10,-2.55,-2.55,-5.62
1207,53.554,38.49,0.2055,0.2233,4,0,66,0,-1,10,-0.7,-0.7,-3.89
1208,53.592,38.15,0.2174,0.2258,1,0,90,0,-1,10,-0.88,-0.88,-2.84
1209,53.637,44.87,0.1976,0.2135,3,0,93,0,-1,10,0.04,0.04,-1.83
1210,53.681,43.86,0.1854,0.2009,1,0,72,0,-1,10,0.98,0.98,-0.85
1211,53.718,37.02,0.1773,0.2355,0,0,75,0,-1,10,-1.62,-1.62,-1.12
1212,53.762,44.16,0.1775,0.235,7,0,70,0,-1,10,-1.57,-1.57,-1.28
1213,53.809,47.59,0.172,0.2126,3,0,69,0,-1,10,0.11,0.11,-0.79
1214,53.857,47.31,0.1778,0.1952,0,0,73,0,-1,10,1.41,1.41,-0.02
1215,53.907,50.19,0.1845,0.2224,4,0,66,0,-1,10,-0.63,-0.63,-0.24
1216,53.946,39.35,0.2067,0.2224,3,0,67,0,-1,10,-0.63,-0.63,-0.37
1217,53.985,39.07,0.2069,0.227,4,0,89,0,-1,10,-0.97,-0.97,-0.58
1218,54.03,44.68,0.1729,0.2089,2,0,80,0,-1,10,0.38,0.38,-0.25
1219,54.076,46.36,0.1949,0.2282,6,0,72,0,-1,10,-1.07,-1.07,-0.53
1220,54.114,37.3,0.1791,0.2405,1,0,66,0,-1,10,-1.99,-1.99,-1.04
1221,54.159,44.99,0.1909,0.2377,5,0,61,0,-1,10,-1.78,-1.78,-1.3
1222,54.204,45.36,0.2052,0.2241,8,0,92,0,-1,10,-0.76,-0.76,-1.11
1223,54.248,44.43,0.1984,0.2236,2,0,112,0,-1,10,-0.72,-0.72,-0.97
1224,54.298,49.77,0.1884,0.2248,1,0,67,0,-1,10,-0.81,-0.81,-0.92
1225,54.336,38.38,0.1847,0.2363,4,0,90,0,-1,10,-1.67,-1.67,-1.18
1226,54.374,37.88,0.1755,0.2466,4,0,87,0,-1,10,-2.45,-2.45,-1.63
1227,54.418,43.37,0.1744,0.2586,8,0,82,0,-1,10,-3.34,-3.34,-2.23
1228,54.463,45.13,0.162,0.2699,2,0,86,0,-1,10,-4.19,-4.19,-2.92
1229,54.516,52.63,0.1561,0.3114,2,0,106,0,-1,10,-7.31,-7.31,-4.45
1230,54.554,38.61,0.1523,0.325,2,0,130,0,-1,10,-8.33,-8.33,-5.81
1231,54.595,41.23,0.148,0.3299,1,0,178,0,-1,10,-8.69,-8.69,-6.82
1232,54.639,43.94,0.1441,0.3512,7,0,187,0,-1,10,-10.29,-10.29,-8.03
1233,54.689,49.82,0.1425,0.3819,7,0,206,0,-1,10,-12.59,-12.59,-9.63
1234,54.732,42.66,0.1364,0.385,1,0,244,0,-1,10,-12.83,-12.83,-10.75
1235,54.769,37.19,0.1363,0.3843,1,0,248,0,-1,10,-12.77,-12.77,-11.46
1236,54.813,44.03,0.1289,0.3682,5,0,228,0,-1,10,-11.57,-11.57,-11.49
1237,54.85,36.87,0.1332,0.36,4,0,197,0,-1,10,-10.95,-10.95,-11.3
1238,54.892,42.48,0.1408,0.3552,3,0,181,0,-1,10,-10.59,-10.59,-11.05
1239,54.932,40.06,0.1417,0.3534,5,0,248,0,-1,10,-10.45,-10.45,-10.84
1240,54.973,40.96,0.1436,0.3337,8,0,188,0,-1,10,-8.98,-8.98,-10.19
1241,55.024,50.35,0.1421,0.3241,3,0,206,0,-1,10,-8.26,-8.26,-9.52
1242,55.072,48.38,0.1426,0.321,2,0,164,0,-1,10,-8.03,-8.03,-8.99
1243,55.125,53.27,0.1514,0.3209,4,0,158,0,-1,10,-8.02,-8.02,-8.65
1244,55.168,42.69,0.147,0.3044,5,0,163,0,-1,10,-6.78,-6.78,-8.0
1245,55.213,44.53,0.1514,0.3039,4,0,156,0,-1,10,-6.74,-6.74,-7.56
1246,55.253,40.63,0.1445,0.3032,22,0,144,0,-1,10,-6.69,-6.69,-7.25
1247,55.293,39.52,0.1438,0.3295,3,0,214,0,-1,10,-8.66,-8.66,-7.75
1248,55.336,43.57,0.1525,0.3596,4,0,231,0,-1,10,-10.92,-10.92,-8.86
1249,55.386,49.84,0.1512,0.3598,2,0,233,0,-1,10,-10.93,-10.93,-9.58
1250,55.43,44.0,0.1455,0.3362,0,0,200,0,-1,10,-9.16,-9.16,-9.44
1251,55.483,52.68,0.1492,0.3326,0,0,203,0,-1,10,-8.89,-8.89,-9.25
1252,55.521,37.98,0.1477,0.3198,1,0,221,0,-1,10,-7.93,-7.93,-8.79
1253,55.56,39.13,0.1473,0.3109,5,0,175,0,-1,10,-7.27,-7.27,-8.26
1254,55.605,45.26,0.1502,0.3015,4,0,138,0,-1,10,-6.56,-6.56,-7.66
1255,55.644,39.16,0.1482,0.2987,2,0,181,0,-1,10,-6.35,-6.35,-7.2
1256,55.689,44.83,0.1531,0.3009,1,0,182,0,-1,10,-6.51,-6.51,-6.96
1257,55.727,37.77,0.1588,0.3005,4,0,188,0,-1,10,-6.49,-6.49,-6.8
1258,55.768,40.55,0.149,0.2859,2,0,126,0,-1,10,-5.4,-5.4,-6.31
1259,55.805,37.18,0.1477,0.2798,7,0,179,0,-1,10,-4.93,-4.93,-5.83
1260,55.852,46.94,0.1548,0.2891,5,0,178,0,-1,10,-5.63,-5.63,-5.76
1261,55.891,39.81,0.1547,0.2796,8,0,169,0,-1,10,-4.92,-4.92,-5.46
1262,55.929,37.24,0.1552,0.2921,8,0,136,0,-1,10,-5.86,-5.86,-5.6
1263,55.97,41.25,0.1667,0.3141,13,0,201,0,-1,10,-7.5,-7.5,-6.27
1264,56.014,43.76,0.167,0.3202,28,0,219,0,-1,10,-7.96,-7.96,-6.86
1265,56.053,39.67,0.173,0.3358,46,0,207,0,-1,10,-9.13,-9.13,-7.66
1266,56.096,42.21,0.1686,0.317,54,0,209,0,-1,10,-7.73,-7.73,-7.68
1267,56.139,43.78,0.1729,0.3169,82,0,199,0,-1,10,-7.72,-7.72,-7.69
1268,56.182,42.61,0.1659,0.3108,107,0,206,0,-1,10,-7.26,-7.26,-7.54
1269,56.231,48.67,0.1641,0.3108,117,0,233,0,-1,10,-7.26,-7.26,-7.44
1270,56.275,44.61,0.1766,0.3277,89,0,219,0,-1,10,-8.53,-8.53,-7.82
1271,56.315,39.61,0.187,0.3254,188,0,264,0,-1,10,-8.35,-8.35,-8.01
1272,56.361,46.56,0.1863,0.3309,221,0,202,0,-1,10,-8.77,-8.77,-8.28
1273,56.407,45.74,0.1951,0.3236,286,0,224,0,-1,10,-8.22,-8.22,-8.26
1274,56.445,37.72,0.1882,0.3033,397,0,203,0,-1,10,-6.7,-6.7,-7.71
1275,56.496,51.37,0.2212,0.3127,523,0,199,0,-1,10,-7.4,-7.4,-7.6
1276,56.545,48.82,0.242,0.3511,703,0,242,0,-1,10,-10.28,-10.28,-8.54
1277,56.584,39.31,0.2559,0.3726,995,1,227,0,-1,10,-11.89,-11.89,-9.71
1278,56.624,39.21,0.2847,0.3932,1237,1,311,0,-1,10,-13.44,-13.44,-11.02
1279,56.671,47.38,0.2916,0.4145,1496,1,265,0,-1,10,-15.04,-15.04,-12.43
1280,56.71,39.39,0.2527,0.4501,1883,1,266,0,-1,10,-17.71,-17.71,-14.27
1281,56.755,44.89,0.1928,0.4298,1427,1,287,0,-1,10,-16.19,-16.19,-14.94
1282,56.805,49.54,0.1852,0.3766,438,2,348,0,-1,11,-12.2,-12.2,-13.98
1283,56.845,39.73,0.1843,0.3265,148,0,395,0,-1,11,-8.44,-8.44,-12.04
1284,56.889,44.18,0.1762,0.3049,0,0,461,0,-1,11,-6.82,-6.82,-10.21
1285,56.926,37.26,0.1739,0.322,0,0,553,0,-1,11,-8.1,-8.1,-9.47
1286,56.972,46.4,0.1671,0.3177,0,0,626,0,-1,11,-7.78,-7.78,-8.88
1287,57.011,38.15,0.1692,0.3283,0,0,695,0,-1,11,-8.57,-8.57,-8.77
1288,57.051,40.93,0.1648,0.3248,0,0,762,0,-1,11,-8.31,-8.31,-8.61
1289,57.093,41.89,0.1625,0.3289,0,0,903,0,-1,11,-8.62,-8.62,-8.61
1290,57.14,46.94,0.1575,0.3242,0,0,1032,1,-1,11,-8.27,-8.27,-8.49
1291,57.18,39.9,0.1629,0.3412,0,0,1114,1,-1,11,-9.54,-9.54,-8.86
1292,57.231,50.73,0.1645,0.3407,0,0,1377,1,-1,11,-9.5,-9.5,-9.09
1293,57.274,42.76,0.1572,0.3468,0,0,1734,1,-1,11,-9.96,-9.96,-9.39
1294,57.317,43.65,0.1431,0.3366,2,0,2055,1,-1,11,-9.2,-9.2,-9.32
1295,57.358,40.64,0.1477,0.3494,1,0,2511,1,-1,11,-10.15,-10.15,-9.61
1296,57.414,55.87,0.1486,0.3512,3,0,2674,1,-1,11,-10.29,-10.29,-9.85
1297,57.453,38.87,0.1463,0.3613,0,0,3483,1,-1,11,-11.04,-11.04,-10.27
1298,57.495,41.9,0.1435,0.3618,0,0,4039,1,-1,11,-11.08,-11.08,-10.55
1299,57.543,48.85,0.1377,0.3584,0,0,3851,1,-1,11,-10.83,-10.83,-10.65
1300,57.585,41.29,0.1475,0.3705,4,0,1053,1,-1,11,-11.74,-11.74,-11.03
1301,57.63,44.99,0.1461,0.3701,3,0,714,2,-1,11,-11.71,-11.71,-11.27
1302,57.667,37.27,0.1472,0.379,0,0,79,0,-1,11,-12.37,-12.37,-11.65
1303,57.705,38.28,0.1513,0.3962,1,0,64,0,-1,11,-13.67,-13.67,-12.36
1304,57.748,42.22,0.1537,0.3981,2,0,85,0,-1,11,-13.81,-13.81,-12.87
1305,57.797,49.24,0.1565,0.4093,3,0,80,0,-1,11,-14.65,-14.65,-13.49
1306,57.843,45.98,0.1462,0.4166,4,0,67,0,-1,11,-15.2,-15.2,-14.09
1307,57.885,41.86,0.155,0.425,0,0,59,0,-1,11,-15.82,-15.82,-14.7
1308,57.926,41.84,0.1909,0.4747,0,0,82,0,-1,11,-19.55,-19.55,-16.4
1309,57.98,53.62,0.1954,0.4898,0,0,92,0,-1,11,-20.68,-20,-17.66
1310,58.021,41.42,0.2091,0.5179,0,0,120,0,-1,11,-22.79,-20,-18.48
1311,58.065,43.63,0.2095,0.522,1,0,98,0,-1,11,-23.1,-20,-19.01
1312,58.11,45.27,0.2007,0.5353,0,0,85,0,-1,11,-24.1,-20,-19.36
1313,58.158,47.88,0.1939,0.5397,0,0,101,0,-1,11,-24.43,-20,-19.58
1314,58.201,43.05,0.1873,0.5499,0,0,84,0,-1,11,-25.19,-20,-19.73
1315,58.244,42.52,0.1684,0.5347,1,0,77,0,-1,11,-24.05,-20,-19.82
1316,58.283,39.57,0.1595,0.5194,0,0,81,0,-1,11,-22.9,-20,-19.89
1317,58.322,38.46,0.1534,0.4973,5,0,60,0,-1,11,-21.24,-20,-19.93
1318,58.367,45.11,0.1503,0.4721,8,0,103,0,-1,11,-19.36,-19.36,-19.73
1319,58.407,39.69,0.1507,0.4431,7,0,102,0,-1,11,-17.18,-17.18,-18.84
1320,58.459,52.45,0.1588,0.4516,3,0,87,0,-1,11,-17.82,-17.82,-18.48
1321,58.499,39.82,0.1408,0.3911,5,0,139,0,-1,11,-13.28,-13.28,-16.66
1322,58.539,40.05,0.158,0.354,6,0,200,0,-1,11,-10.5,-10.5,-14.5
1323,58.582,42.7,0.1569,0.2955,8,0,183,0,-1,11,-6.11,-6.11,-11.57
1324,58.626,43.88,0.1766,0.273,12,0,191,0,-1,11,-4.43,-4.43,-9.07
1325,58.663,37.92,0.1919,0.2552,5,0,207,0,-1,11,-3.09,-3.09,-6.98
1326,58.707,43.19,0.1876,0.2592,4,0,175,0,-1,11,-3.39,-3.39,-5.72
1327,58.75,43.3,0.1901,0.2545,2,0,207,0,-1,11,-3.04,-3.04,-4.78
1328,58.792,42.52,0.1999,0.2495,3,0,253,0,-1,11,-2.66,-2.66,-4.04
1329,58.835,42.51,0.1897,0.2417,4,0,312,0,-1,11,-2.08,-2.08,-3.35
1330,58.876,41.3,0.191,0.2448,4,0,245,0,-1,11,-2.31,-2.31,-2.99
1331,58.919,42.47,0.1798,0.2454,3,0,239,0,-1,11,-2.35,-2.35,-2.77
1332,58.961,42.08,0.1873,0.246,0,0,313,0,-1,11,-2.4,-2.4,-2.64
1333,59.008,46.76,0.1823,0.2482,3,0,315,0,-1,11,-2.57,-2.57,-2.61
1334,59.058,50.58,0.1772,0.2553,1,0,312,0,-1,11,-3.1,-3.1,-2.78
1335,59.099,40.4,0.1721,0.2458,4,0,371,0,-1,11,-2.38,-2.38,-2.64
1336,59.148,49.38,0.184,0.2459,2,0,441,0,-1,11,-2.4,-2.4,-2.56
1337,59.199,51.19,0.1825,0.245,8,0,500,0,-1,11,-2.33,-2.33,-2.48
1338,59.239,39.49,0.1781,0.2496,4,0,494,0,-1,11,-2.67,-2.67,-2.54
1339,59.279,40.65,0.1784,0.2267,4,0,556,0,-1,11,-0.95,-0.95,-1.99
1340,59.321,41.66,0.183,0.2177,7,0,546,0,-1,11,-0.28,-0.28,-1.39
1341,59.371,49.61,0.1949,0.2137,2,0,514,0,-1,11,0.02,0.02,-0.89
1342,59.42,49.16,0.1881,0.217,4,0,496,0,-1,11,-0.22,-0.22,-0.66
1343,59.464,43.84,0.1858,0.2182,7,0,487,0,-1,11,-0.32,-0.32,-0.54
1344,59.503,39.64,0.1722,0.2209,7,0,467,0,-1,11,-0.51,-0.51,-0.53
1345,59.549,45.79,0.1723,0.2319,6,0,560,0,-1,11,-1.34,-1.34,-0.81
1346,59.599,49.65,0.1661,0.2369,3,0,557,0,-1,11,-1.72,-1.72,-1.13
1347,59.645,46.76,0.1538,0.2429,21,0,542,0,-1,11,-2.17,-2.17,-1.49
1348,59.689,43.33,0.1657,0.2376,21,0,538,0,-1,11,-1.77,-1.77,-1.59
1349,59.733,44.55,0.1975,0.2263,22,0,389,0,-1,11,-0.92,-0.92,-1.35
1350,59.786,52.64,0.1848,0.2155,4,0,273,0,-1,11,-0.11,-0.11,-0.92
1351,59.823,37.42,0.193,0.216,5,0,181,0,-1,11,-0.15,-0.15,-0.65
1352,59.875,51.64,0.1908,0.2145,13,0,205,0,-1,11,-0.04,-0.04,-0.44
1353,59.923,47.69,0.1791,0.2205,6,0,200,0,-1,11,-0.49,-0.49,-0.46
1354,59.967,44.03,0.1755,0.228,9,0,228,0,-1,11,-1.05,-1.05,-0.66
1355,60.006,39.56,0.1667,0.2334,16,0,224,0,-1,11,-1.46,-1.46,-0.94
1356,60.052,45.6,0.164,0.2391,20,0,218,0,-1,11,-1.88,-1.88,-1.27
1357,60.102,49.85,0.1598,0.2498,24,0,261,0,-1,11,-2.68,-2.68,-1.76
1358,60.14,37.98,0.14,0.2579,25,0,278,0,-1,11,-3.29,-3.29,-2.3
1359,60.181,40.96,0.1534,0.2598,2,0,252,0,-1,11,-3.44,-3.44,-2.7
1360,60.222,41.31,0.1425,0.2543,9,0,224,0,-1,11,-3.02,-3.02,-2.81
1361,60.272,49.92,0.1528,0.2509,8,0,104,0,-1,11,-2.77,-2.77,-2.8
1362,60.322,49.76,0.1433,0.2441,14,0,100,0,-1,11,-2.25,-2.25,-2.61
1363,60.364,42.33,0.1421,0.2409,3,0,145,0,-1,11,-2.02,-2.02,-2.4
1364,60.406,41.75,0.1511,0.2502,2,0,147,0,-1,11,-2.72,-2.72,-2.51
1365,60.449,43.07,0.1564,0.2485,5,0,153,0,-1,11,-2.59,-2.59,-2.54
1366,60.486,37.58,0.1505,0.2515,11,0,134,0,-1,11,-2.81,-2.81,-2.63
1367,60.527,40.49,0.1593,0.2502,17,0,172,0,-1,11,-2.72,-2.72,-2.66
1368,60.575,47.83,0.162,0.254,5,0,198,0,-1,11,-3.0,-3.0,-2.78
1369,60.62,44.88,0.1577,0.2522,14,0,133,0,-1,11,-2.86,-2.86,-2.81
1370,60.657,37.8,0.1592,0.2609,51,0,135,0,-1,11,-3.51,-3.51,-3.06
1371,60.716,58.79,0.1616,0.2637,56,0,149,0,-1,11,-3.73,-3.73,-3.29
1372,60.756,39.95,0.1664,0.2738,79,0,182,0,-1,11,-4.49,-4.49,-3.71
1373,60.795,39.26,0.1726,0.2745,129,0,129,0,-1,11,-4.54,-4.54,-4.0
1374,60.853,58.17,0.1782,0.2735,175,0,119,0,-1,11,-4.46,-4.46,-4.16
1375,60.898,44.58,0.1645,0.2492,297,0,63,0,-1,11,-2.64,-2.64,-3.63
1376,60.951,52.81,0.158,0.247,348,0,64,0,-1,11,-2.48,-2.48,-3.23
1377,60.989,37.73,0.1772,0.2687,425,0,108,0,-1,11,-4.11,-4.11,-3.53
1378,61.037,48.81,0.1681,0.263,438,0,100,0,-1,11,-3.67,-3.67,-3.58
1379,61.081,43.9,0.1807,0.2641,508,0,222,0,-1,11,-3.75,-3.75,-3.64
1380,61.13,48.93,0.1783,0.2715,580,0,172,0,-1,11,-4.31,-4.31,-3.88
1381,61.169,38.83,0.1862,0.2723,688,0,128,0,-1,11,-4.37,-4.37,-4.05
1382,61.21,40.92,0.1784,0.275,807,0,174,0,-1,11,-4.58,-4.58,-4.23
1383,61.28,69.6,0.207,0.2948,763,0,245,0,-1,11,-6.06,-6.06,-4.87
1384,61.32,40.67,0.2339,0.3316,794,0,204,0,-1,11,-8.82,-8.82,-6.25
1385,61.365,45.08,0.2305,0.3305,902,1,196,0,-1,11,-8.74,-8.74,-7.12
1386,61.405,39.82,0.2313,0.3288,1094,1,186,0,-1,11,-8.61,-8.61,-7.65
1387,61.457,51.71,0.2191,0.3114,1239,1,201,0,-1,11,-7.31,-7.31,-7.53
1388,61.496,39.54,0.2198,0.3174,1435,1,181,0,-1,11,-7.76,-7.76,-7.61
1389,61.533,36.48,0.2294,0.3171,1716,1,175,0,-1,11,-7.73,-7.73,-7.65
1390,61.581,48.17,0.2298,0.3123,2087,1,173,0,-1,11,-7.38,-7.38,-7.55
1391,61.621,40.18,0.2413,0.3261,2462,1,194,0,-1,11,-8.41,-8.41,-7.85
1392,61.666,44.62,0.2443,0.3261,2420,1,224,0,-1,11,-8.41,-8.41,-8.05
1393,61.707,40.92,0.2532,0.3424,2106,1,229,0,-1,11,-9.63,-9.63,-8.6
1394,61.745,38.12,0.2653,0.3466,1767,1,238,0,-1,11,-9.94,-9.94,-9.07
1395,61.794,48.91,0.2721,0.3494,1613,1,289,0,-1,11,-10.15,-10.15,-9.45
1396,61.836,42.35,0.2695,0.3504,1379,1,341,0,-1,11,-10.23,-10.23,-9.72
1397,61.876,39.86,0.2831,0.3467,1121,1,325,0,-1,11,-9.95,-9.95,-9.8
1398,61.925,48.62,0.2888,0.3515,1070,1,359,0,-1,11,-10.31,-10.31,-9.98
1399,61.979,54.57,0.3033,0.3604,844,1,356,0,-1,11,-10.98,-10.98,-10.33
1400,62.022,42.4,0.3064,0.3594,330,2,342,0,-1,12,-10.9,-10.9,-10.53
1401,62.063,41.6,0.3052,0.3669,80,0,339,0,-1,12,-11.47,-11.47,-10.86
1402,62.104,41.19,0.3295,0.3831,0,0,362,0,-1,12,-12.68,-12.68,-11.5
1403,62.149,45.01,0.3408,0.3825,0,0,365,0,-1,12,-12.64,-12.64,-11.9
1404,62.199,49.86,0.3451,0.3982,0,0,333,0,-1,12,-13.82,-13.82,-12.57
1405,62.236,36.68,0.3681,0.403,0,0,374,0,-1,12,-14.18,-14.18,-13.13
1406,62.282,45.82,0.3905,0.4286,0,0,371,0,-1,12,-16.09,-16.09,-14.17
1407,62.336,54.35,0.3917,0.4277,0,0,384,0,-1,12,-16.03,-16.03,-14.82
1408,62.392,56.24,0.4042,0.4388,1,0,361,0,-1,12,-16.86,-16.86,-15.53
1409,62.433,40.28,0.3703,0.4488,0,0,489,0,-1,12,-17.61,-17.61,-16.26
1410,62.481,48.63,0.3671,0.4622,0,0,520,0,-1,12,-18.61,-18.61,-17.09
1411,62.524,42.48,0.3796,0.4689,0,0,589,0,-1,12,-19.12,-19.12,-17.8
1412,62.562,38.11,0.3679,0.4873,0,0,675,0,-1,12,-20.49,-20,-18.57
1413,62.602,40.47,0.3663,0.5127,0,0,794,0,-1,12,-22.41,-20,-19.07
1414,62.648,45.22,0.3293,0.4957,0,0,943,1,-1,12,-21.13,-20,-19.39
1415,62.685,37.65,0.319,0.5135,0,0,1112,1,-1,12,-22.46,-20,-19.61
1416,62.724,39.21,0.3053,0.5386,0,0,1294,1,-1,12,-24.34,-20,-19.74
1417,62.769,44.31,0.3113,0.5502,0,0,1494,1,-1,12,-25.21,-20,-19.83
1418,62.808,39.42,0.2849,0.5683,4,0,1873,1,-1,12,-26.57,-20,-19.89
1419,62.852,43.69,0.2566,0.5597,1,0,2350,1,-1,12,-25.93,-20,-19.93
1420,62.899,46.79,0.2458,0.5713,3,0,2732,1,-1,12,-26.79,-20,-19.95
1421,62.944,45.68,0.2246,0.5775,1,0,3375,1,-1,12,-27.26,-20,-19.97
1422,62.989,44.38,0.212,0.573,0,0,4121,1,-1,12,-26.92,-20,-19.98
1423,63.026,37.53,0.1986,0.5816,2,0,3815,1,-1,12,-27.57,-20,-19.99
1424,63.077,50.87,0.1837,0.5759,0,0,1783,1,-1,12,-27.15,-20,-19.99
1425,63.124,46.56,0.1714,0.5662,3,0,620,2,-1,12,-26.41,-20,-19.99
1426,63.165,41.34,0.1551,0.5438,3,0,271,0,-1,12,-24.74,-20,-20.0
1427,63.217,51.67,0.1599,0.5469,3,0,60,0,-1,12,-24.97,-20,-20.0
1428,63.258,41.18,0.1541,0.534,6,0,46,0,-1,12,-24.0,-20,-20.0
1429,63.298,40.55,0.1572,0.5034,3,0,84,0,-1,12,-21.71,-20,-20.0
1430,63.337,38.82,0.1598,0.4823,3,0,57,0,-1,12,-20.12,-20,-20.0
1431,63.384,47.08,0.1605,0.4554,7,0,61,0,-1,12,-18.1,-18.1,-19.34
1432,63.428,43.57,0.1724,0.3895,11,0,60,0,-1,12,-13.16,-13.16,-17.18
1433,63.474,46.23,0.1802,0.3634,6,0,49,0,-1,12,-11.2,-11.2,-15.09
1434,63.515,40.8,0.177,0.3162,6,0,71,0,-1,12,-7.67,-7.67,-12.49
1435,63.554,39.01,0.1759,0.2647,7,0,58,0,-1,12,-3.8,-3.8,-9.45
1436,63.593,39.58,0.2073,0.2627,21,0,144,0,-1,12,-3.65,-3.65,-7.42
1437,63.634,40.25,0.1947,0.2138,8,0,169,0,-1,12,0.01,0.01,-4.82
1438,63.674,40.74,0.2141,0.2152,8,0,199,0,-1,12,-0.09,-0.09,-3.16
1439,63.716,41.86,0.227,0.2105,8,0,188,0,-1,12,0.26,0.26,-1.96
1440,63.761,44.94,0.2096,0.1949,13,0,278,0,-1,12,1.43,1.43,-0.77
1441,63.801,40.0,0.2229,0.1659,6,0,334,0,-1,12,3.61,3.61,0.76
1442,63.854,52.7,0.2182,0.1432,12,0,328,0,-1,12,5.31,5.31,2.35
1443,63.899,45.45,0.2195,0.1304,11,0,319,0,-1,12,6.27,6.27,3.72
1444,63.95,50.67,0.2166,0.1362,6,0,227,0,-1,12,5.84,5.84,4.46
1445,63.991,41.22,0.2273,0.1457,12,0,209,0,-1,12,5.12,5.12,4.69
1446,64.033,42.06,0.2378,0.161,7,0,161,0,-1,12,3.97,3.97,4.44
1447,64.08,46.58,0.2273,0.175,14,0,122,0,-1,12,2.93,2.93,3.91
1448,64.131,50.64,0.2225,0.1905,5,0,87,0,-1,12,1.76,1.76,3.16
1449,64.174,43.54,0.2016,0.1779,14,0,64,0,-1,12,2.71,2.71,3.0
1450,64.214,40.0,0.198,0.1939,6,0,93,0,-1,12,1.51,1.51,2.48
1451,64.263,48.94,0.2019,0.2139,13,0,64,0,-1,12,0.01,0.01,1.61
1452,64.308,44.63,0.202,0.2198,19,0,65,0,-1,12,-0.44,-0.44,0.9
1453,64.353,45.37,0.1868,0.2309,11,0,81,0,-1,12,-1.27,-1.27,0.14
1454,64.391,37.77,0.1812,0.2436,17,0,55,0,-1,12,-2.22,-2.22,-0.69
1455,64.441,49.92,0.1902,0.2591,12,0,72,0,-1,12,-3.38,-3.38,-1.63
1456,64.488,46.94,0.1934,0.2731,6,0,68,0,-1,12,-4.43,-4.43,-2.61
1457,64.529,41.72,0.187,0.2539,12,0,51,0,-1,12,-2.99,-2.99,-2.74
1458,64.577,47.23,0.1923,0.2705,16,0,54,0,-1,12,-4.24,-4.24,-3.27
1459,64.636,59.59,0.1809,0.2836,6,0,35,0,-1,12,-5.22,-5.22,-3.95
1460,64.674,37.86,0.1714,0.2899,9,0,50,0,-1,12,-5.69,-5.69,-4.56
1461,64.716,41.53,0.1765,0.2907,17,0,68,0,-1,12,-5.75,-5.75,-4.98
1462,64.761,45.53,0.1743,0.3126,13,0,42,0,-1,12,-7.39,-7.39,-5.82
1463,64.804,42.76,0.1812,0.3269,7,0,57,0,-1,12,-8.47,-8.47,-6.75
1464,64.847,42.91,0.1709,0.3094,15,0,57,0,-1,12,-7.15,-7.15,-6.89
1465,64.891,44.51,0.1687,0.3048,8,0,37,0,-1,12,-6.81,-6.81,-6.86
1466,64.943,51.85,0.1816,0.2961,12,0,61,0,-1,12,-6.16,-6.16,-6.62
1467,64.981,37.83,0.1816,0.2659,12,0,84,0,-1,12,-3.89,-3.89,-5.66
1468,65.02,39.1,0.1908,0.2355,14,0,63,0,-1,12,-1.61,-1.61,-4.24
1469,65.065,44.57,0.215,0.2207,24,0,118,0,-1,12,-0.5,-0.5,-2.93
